-2.342701911926269531e+00,2.217633247375488281e+00
-2.494085311889648438e+00,2.233777046203613281e+00
4.961428642272949219e+00,-1.244840264320373535e+00
-2.471691131591796875e+00,2.303901433944702148e+00
-2.192161083221435547e+00,2.194044351577758789e+00
4.649297237396240234e+00,1.263936042785644531e+00
-2.310494661331176758e+00,-2.128064393997192383e+00
-1.793306350708007812e+00,1.725782155990600586e+00
4.830844879150390625e+00,1.349624156951904297e+00
4.625518321990966797e+00,-1.194768190383911133e+00
4.536492824554443359e+00,1.245988368988037109e+00
-2.540910243988037109e+00,-2.206224203109741211e+00
-2.155454397201538086e+00,1.969708323478698730e+00
4.861611366271972656e+00,-1.233645677566528320e+00
-2.528632164001464844e+00,-2.230077981948852539e+00
4.893016815185546875e+00,-1.025065898895263672e+00
4.844222068786621094e+00,-1.142637610435485840e+00
-2.541518211364746094e+00,-2.353224754333496094e+00
4.903619289398193359e+00,-1.197356700897216797e+00
-2.638210296630859375e+00,-2.303219556808471680e+00
4.657012939453125000e+00,1.383203506469726562e+00
-1.946276664733886719e+00,-1.960562467575073242e+00
-1.404564380645751953e+00,-1.614086270332336426e+00
-2.050018787384033203e+00,-2.047350645065307617e+00
-5.535539612174034119e-02,9.245648384094238281e-01
-2.589478015899658203e+00,-2.379445075988769531e+00
-2.692567586898803711e+00,-2.371799707412719727e+00
4.662631511688232422e+00,-1.176749467849731445e+00
-2.232885599136352539e+00,2.060080289840698242e+00
5.149559974670410156e+00,-1.191699385643005371e+00
4.843661785125732422e+00,-1.244333148002624512e+00
-2.588475465774536133e+00,-2.267195701599121094e+00
-2.707076072692871094e+00,-2.357898473739624023e+00
-2.643876791000366211e+00,-2.342429399490356445e+00
-2.507547140121459961e+00,2.251963376998901367e+00
-2.653747320175170898e+00,2.383348464965820312e+00
-2.640712738037109375e+00,-2.272408008575439453e+00
-2.268630981445312500e+00,2.210835218429565430e+00
4.878667831420898438e+00,-1.005813360214233398e+00
-2.393502950668334961e+00,2.188427686691284180e+00
4.870440006256103516e+00,1.221174716949462891e+00
-2.064839363098144531e+00,-2.104739189147949219e+00
4.724445819854736328e+00,-1.207103967666625977e+00
5.182916641235351562e+00,-1.106121659278869629e+00
-2.284352779388427734e+00,2.055132389068603516e+00
-2.374139308929443359e+00,-2.210360765457153320e+00
-2.570573806762695312e+00,-2.282889842987060547e+00
-1.456503629684448242e+00,-1.567651867866516113e+00
-2.582621812820434570e+00,-2.315993547439575195e+00
-2.501537084579467773e+00,2.311351776123046875e+00
-2.378632068634033203e+00,-2.131475925445556641e+00
-2.584492683410644531e+00,-2.351472377777099609e+00
-2.625020265579223633e+00,-2.293085336685180664e+00
-2.545371770858764648e+00,-2.307433128356933594e+00
5.128170967102050781e+00,1.329953074455261230e+00
4.795050621032714844e+00,1.369046688079833984e+00
5.120161056518554688e+00,-1.105546355247497559e+00
4.340473175048828125e+00,-1.032414913177490234e+00
-2.559342384338378906e+00,2.270821094512939453e+00
-2.178160190582275391e+00,-2.210808515548706055e+00
-2.559086799621582031e+00,-2.264053583145141602e+00
-2.162067651748657227e+00,2.021189689636230469e+00
4.612884521484375000e+00,1.367098808288574219e+00
4.449699878692626953e+00,1.301400065422058105e+00
-2.522545576095581055e+00,2.324299097061157227e+00
-2.087878704071044922e+00,2.075781106948852539e+00
-2.163280963897705078e+00,2.061855077743530273e+00
-2.657889842987060547e+00,-2.379220008850097656e+00
4.967181205749511719e+00,1.353572130203247070e+00
4.437176704406738281e+00,1.273916006088256836e+00
4.747984886169433594e+00,-1.335594415664672852e+00
4.575653553009033203e+00,1.272080183029174805e+00
-2.427330732345581055e+00,2.296406269073486328e+00
-2.226022005081176758e+00,-2.037469625473022461e+00
5.420482635498046875e+00,-7.536838948726654053e-02
-2.145539045333862305e+00,-2.076232194900512695e+00
-2.680616617202758789e+00,-2.346014022827148438e+00
-2.553088665008544922e+00,-2.269806385040283203e+00
-1.618472456932067871e+00,-1.647175073623657227e+00
-2.040490865707397461e+00,1.854530811309814453e+00
4.530848026275634766e+00,-1.088519334793090820e+00
4.657361030578613281e+00,1.309588670730590820e+00
-2.594333648681640625e+00,-2.261999845504760742e+00
-1.700157880783081055e+00,-1.521916627883911133e+00
4.495317935943603516e+00,1.311218500137329102e+00
5.050331115722656250e+00,1.165205121040344238e+00
-2.279973745346069336e+00,2.128580093383789062e+00
4.684053897857666016e+00,1.287654161453247070e+00
-2.338405847549438477e+00,2.207087755203247070e+00
-2.300026416778564453e+00,-2.134277343750000000e+00
-2.184869050979614258e+00,-2.026628971099853516e+00
-2.656480550765991211e+00,2.335038185119628906e+00
-2.407120943069458008e+00,-2.239838838577270508e+00
-2.608275651931762695e+00,2.248369932174682617e+00
-2.446561098098754883e+00,2.247923374176025391e+00
-2.409660100936889648e+00,2.281481742858886719e+00
-2.449344396591186523e+00,2.176092147827148438e+00
-2.500231027603149414e+00,2.232030630111694336e+00
4.819166660308837891e+00,-1.159683942794799805e+00
-2.370703697204589844e+00,2.011323690414428711e+00
-2.418544292449951172e+00,-2.190406084060668945e+00
4.229434967041015625e+00,1.099281549453735352e+00
-2.526155948638916016e+00,2.267501115798950195e+00
-2.394583225250244141e+00,-2.197415113449096680e+00
-2.208091497421264648e+00,-2.009741544723510742e+00
-2.567331790924072266e+00,2.262747049331665039e+00
-2.662876129150390625e+00,-2.322952747344970703e+00
-2.613100290298461914e+00,-2.287127971649169922e+00
-2.506837129592895508e+00,2.324812412261962891e+00
-2.494690895080566406e+00,2.237976074218750000e+00
-2.426497459411621094e+00,-2.136836051940917969e+00
-2.676884174346923828e+00,2.403306245803833008e+00
4.978395938873291016e+00,-1.161584854125976562e+00
-2.489682912826538086e+00,-2.290873527526855469e+00
-2.697899341583251953e+00,-2.355710983276367188e+00
-2.321059942245483398e+00,-2.157539367675781250e+00
-2.658910036087036133e+00,2.302360534667968750e+00
-2.421405315399169922e+00,-2.276564121246337891e+00
-2.449223756790161133e+00,2.105456352233886719e+00
-2.514588832855224609e+00,-2.266195535659790039e+00
4.677295207977294922e+00,-1.253475427627563477e+00
3.243643760681152344e+00,5.699684619903564453e-01
4.791213512420654297e+00,-1.299067139625549316e+00
-1.321541070938110352e+00,1.572010040283203125e+00
-2.230746269226074219e+00,1.995342969894409180e+00
-2.468358755111694336e+00,2.220471382141113281e+00
-2.464983940124511719e+00,2.124761343002319336e+00
-2.377569913864135742e+00,-2.205161094665527344e+00
-2.644542455673217773e+00,-2.277215719223022461e+00
-2.280605077743530273e+00,2.039706230163574219e+00
-2.288732767105102539e+00,-2.224682807922363281e+00
-2.414175510406494141e+00,-2.075732231140136719e+00
-2.609330415725708008e+00,2.343127250671386719e+00
-2.328524589538574219e+00,2.220438480377197266e+00
-2.347845792770385742e+00,-2.181030273437500000e+00
-2.481320858001708984e+00,2.280622482299804688e+00
-2.450159072875976562e+00,-2.207733631134033203e+00
-2.230360984802246094e+00,2.085153818130493164e+00
4.407504558563232422e+00,1.271939873695373535e+00
-2.217933893203735352e+00,2.047832012176513672e+00
4.808070182800292969e+00,1.277457118034362793e+00
-2.425250530242919922e+00,-2.208887100219726562e+00
-2.189206600189208984e+00,-1.975409746170043945e+00
4.624313354492187500e+00,1.272632360458374023e+00
-1.736692786216735840e+00,1.824548721313476562e+00
-2.507749319076538086e+00,2.298702239990234375e+00
-2.470125913619995117e+00,2.243217706680297852e+00
-1.800731539726257324e+00,-1.905299425125122070e+00
-2.466982603073120117e+00,-2.190211296081542969e+00
-2.639925956726074219e+00,-2.287033557891845703e+00
-2.351433038711547852e+00,2.131511688232421875e+00
-2.673074007034301758e+00,2.387766361236572266e+00
4.894875526428222656e+00,-1.292397499084472656e+00
-1.777971148490905762e+00,2.042396545410156250e+00
-1.616795778274536133e+00,1.692063331604003906e+00
-2.672525882720947266e+00,2.340634107589721680e+00
-2.709434986114501953e+00,2.377835512161254883e+00
-2.637547016143798828e+00,-2.273421764373779297e+00
4.442600727081298828e+00,-1.163777828216552734e+00
-2.250161409378051758e+00,-2.171610832214355469e+00
-2.098003387451171875e+00,-1.965573906898498535e+00
-2.317951679229736328e+00,-2.012735843658447266e+00
4.823822021484375000e+00,1.399830937385559082e+00
-2.205160617828369141e+00,-2.155375719070434570e+00
-2.551116466522216797e+00,-2.250569581985473633e+00
-2.293091297149658203e+00,2.145598411560058594e+00
4.774422645568847656e+00,1.350386381149291992e+00
4.746852397918701172e+00,-1.308616638183593750e+00
-2.558388948440551758e+00,2.313405275344848633e+00
-2.175230026245117188e+00,2.076091527938842773e+00
-2.378680944442749023e+00,2.167025089263916016e+00
-1.316582679748535156e+00,-1.387909770011901855e+00
-2.417488574981689453e+00,2.259284019470214844e+00
4.866357803344726562e+00,-1.289803504943847656e+00
-2.545344352722167969e+00,-2.219307184219360352e+00
4.929137706756591797e+00,-1.316147327423095703e+00
-2.553987264633178711e+00,2.243742227554321289e+00
-2.344678640365600586e+00,-2.184450626373291016e+00
4.645567417144775391e+00,-1.166506409645080566e+00
4.684637546539306641e+00,1.364146590232849121e+00
-2.503009557723999023e+00,-2.241340875625610352e+00
4.369486808776855469e+00,-1.220098614692687988e+00
-2.111790895462036133e+00,-2.041652917861938477e+00
-2.514342069625854492e+00,-2.283856391906738281e+00
-2.716900110244750977e+00,2.313026428222656250e+00
-2.414348602294921875e+00,2.199126243591308594e+00
4.732769012451171875e+00,-1.240644931793212891e+00
4.781735420227050781e+00,1.336397767066955566e+00
-2.526217460632324219e+00,-2.189010143280029297e+00
-2.513170957565307617e+00,2.351265192031860352e+00
5.033022403717041016e+00,1.272700786590576172e+00
-1.597150087356567383e+00,1.551147580146789551e+00
-2.629897594451904297e+00,2.323906183242797852e+00
4.970042228698730469e+00,1.329260230064392090e+00
-2.300644397735595703e+00,2.143840074539184570e+00
-2.637380361557006836e+00,-2.328391551971435547e+00
-2.581749916076660156e+00,-2.289746046066284180e+00
-2.700950145721435547e+00,-2.413781404495239258e+00
-2.446640014648437500e+00,2.279531478881835938e+00
-2.432777404785156250e+00,-2.163230180740356445e+00
-1.777599692344665527e+00,-1.796862840652465820e+00
-2.283131599426269531e+00,2.144813537597656250e+00
-2.560435771942138672e+00,2.246657133102416992e+00
4.877650737762451172e+00,-1.307908058166503906e+00
4.721292018890380859e+00,-1.233284950256347656e+00
-2.339531898498535156e+00,2.161107778549194336e+00
-2.581586360931396484e+00,-2.367084741592407227e+00
-2.597412109375000000e+00,-2.276098251342773438e+00
-2.123155593872070312e+00,-1.916384458541870117e+00
4.427730560302734375e+00,1.222715377807617188e+00
4.152083396911621094e+00,1.014851570129394531e+00
-1.763092279434204102e+00,-1.885283946990966797e+00
-2.657591342926025391e+00,2.391558647155761719e+00
-2.364267110824584961e+00,2.146887302398681641e+00
-1.363518357276916504e+00,-1.746414303779602051e+00
-2.430200576782226562e+00,2.243598222732543945e+00
4.698578357696533203e+00,1.407760143280029297e+00
-2.684224128723144531e+00,2.382665157318115234e+00
4.788955211639404297e+00,1.377692341804504395e+00
-2.388359546661376953e+00,-2.137882947921752930e+00
-2.028283357620239258e+00,-2.082944154739379883e+00
-2.542431116104125977e+00,2.283551454544067383e+00
4.815393924713134766e+00,-1.136967420578002930e+00
-2.693608760833740234e+00,-2.398227930068969727e+00
-2.617022514343261719e+00,2.274700164794921875e+00
-2.496593713760375977e+00,-2.240748643875122070e+00
4.794165134429931641e+00,-1.327873945236206055e+00
-2.711040973663330078e+00,-2.352641820907592773e+00
4.841894626617431641e+00,1.311222910881042480e+00
-2.687832355499267578e+00,-2.421099901199340820e+00
-2.408031463623046875e+00,-2.126338481903076172e+00
4.869220733642578125e+00,1.320497751235961914e+00
-2.680701255798339844e+00,2.299107074737548828e+00
-2.358438014984130859e+00,2.159601926803588867e+00
-2.665563106536865234e+00,2.382963180541992188e+00
-2.314847230911254883e+00,2.166105985641479492e+00
-2.713317871093750000e+00,-2.436559438705444336e+00
-2.635191440582275391e+00,2.313151836395263672e+00
4.713675022125244141e+00,-1.240494847297668457e+00
-2.664905548095703125e+00,-2.376014709472656250e+00
-2.562868118286132812e+00,-2.339236021041870117e+00
4.904213905334472656e+00,-1.223722338676452637e+00
-2.336223125457763672e+00,-2.161112785339355469e+00
-2.264462471008300781e+00,-2.120041847229003906e+00
-2.125458717346191406e+00,2.006084442138671875e+00
-2.552887678146362305e+00,2.314972877502441406e+00
-2.302376270294189453e+00,2.106263160705566406e+00
-2.459337711334228516e+00,2.226850509643554688e+00
-2.293665409088134766e+00,-2.078993320465087891e+00
-2.622629165649414062e+00,-2.335127353668212891e+00
4.660001754760742188e+00,-1.156149148941040039e+00
-2.654885053634643555e+00,2.320031881332397461e+00
-2.354624271392822266e+00,-2.137562274932861328e+00
-2.399744510650634766e+00,-2.189858675003051758e+00
4.828403472900390625e+00,1.426606297492980957e+00
-2.539199829101562500e+00,-2.242336511611938477e+00
4.687569141387939453e+00,1.291873812675476074e+00
-2.555099487304687500e+00,2.373049974441528320e+00
-1.879219770431518555e+00,2.013711452484130859e+00
-2.656964302062988281e+00,-2.348916292190551758e+00
-2.250854492187500000e+00,2.060489177703857422e+00
4.496055126190185547e+00,1.223352551460266113e+00
-2.448152065277099609e+00,2.213231563568115234e+00
-2.589147090911865234e+00,-2.360305309295654297e+00
-2.287426471710205078e+00,-2.105900049209594727e+00
5.039971351623535156e+00,-1.196802258491516113e+00
-2.530536651611328125e+00,2.211863279342651367e+00
-2.674940824508666992e+00,2.381527662277221680e+00
-2.321097135543823242e+00,2.111775398254394531e+00
-2.413058042526245117e+00,2.115089416503906250e+00
-2.751884937286376953e+00,-2.428923606872558594e+00
4.769410610198974609e+00,1.368535995483398438e+00
-2.532108306884765625e+00,-2.238428115844726562e+00
-2.532757043838500977e+00,-2.281598806381225586e+00
-2.012257337570190430e+00,-1.947880744934082031e+00
4.698628902435302734e+00,-1.263960719108581543e+00
4.790826320648193359e+00,1.369627833366394043e+00
-2.362936973571777344e+00,2.204393625259399414e+00
-2.153482198715209961e+00,2.064144611358642578e+00
-2.334597587585449219e+00,-2.211321115493774414e+00
-2.605590581893920898e+00,2.348351478576660156e+00
-2.459014654159545898e+00,-2.273972511291503906e+00
-2.538339853286743164e+00,2.284739732742309570e+00
-2.282482147216796875e+00,-2.196149826049804688e+00
-2.475075960159301758e+00,2.209507465362548828e+00
-2.466198682785034180e+00,-2.195748329162597656e+00
-2.438385963439941406e+00,-2.179184675216674805e+00
-2.409142017364501953e+00,-2.178745746612548828e+00
-2.393285274505615234e+00,-2.200049638748168945e+00
-2.304282903671264648e+00,-2.085900306701660156e+00
-2.571627140045166016e+00,2.264896392822265625e+00
-2.285169124603271484e+00,2.146525144577026367e+00
4.915425777435302734e+00,-1.232176303863525391e+00
-2.412997245788574219e+00,-2.097144365310668945e+00
-2.488475084304809570e+00,-2.307294368743896484e+00
-2.649497747421264648e+00,-2.339226484298706055e+00
5.082028865814208984e+00,-1.330799579620361328e+00
2.992602586746215820e+00,7.242696285247802734e-01
-2.539447069168090820e+00,2.312803030014038086e+00
-2.719428062438964844e+00,2.358781099319458008e+00
-2.051362514495849609e+00,-1.962706327438354492e+00
-2.470315933227539062e+00,-2.228036642074584961e+00
-2.217905998229980469e+00,-1.983151555061340332e+00
-2.484979391098022461e+00,2.263596773147583008e+00
-2.285837650299072266e+00,-2.211645126342773438e+00
4.633204936981201172e+00,1.336452960968017578e+00
-2.371370077133178711e+00,-2.242248773574829102e+00
-1.974439024925231934e+00,-2.025150060653686523e+00
-2.406845569610595703e+00,-2.196781635284423828e+00
-2.509309291839599609e+00,2.220913171768188477e+00
-2.580183982849121094e+00,-2.315893650054931641e+00
-2.044738769531250000e+00,2.052353620529174805e+00
-2.703891277313232422e+00,2.433558225631713867e+00
-2.412887334823608398e+00,-2.051076889038085938e+00
4.757052421569824219e+00,1.231225252151489258e+00
4.793889999389648438e+00,1.295758843421936035e+00
-2.384621620178222656e+00,-2.113715410232543945e+00
-2.242785930633544922e+00,1.998224735260009766e+00
-2.495029687881469727e+00,-2.296184539794921875e+00
-2.722801208496093750e+00,-2.378117561340332031e+00
-2.521159887313842773e+00,2.186195850372314453e+00
-2.252281188964843750e+00,2.049540042877197266e+00
-2.347066402435302734e+00,-2.201313018798828125e+00
-2.608927249908447266e+00,2.375375747680664062e+00
-2.704596757888793945e+00,-2.303507566452026367e+00
-2.675391674041748047e+00,-2.366453409194946289e+00
4.604601860046386719e+00,1.350572228431701660e+00
-2.423836708068847656e+00,2.073534250259399414e+00
-2.105255365371704102e+00,2.016681432723999023e+00
-2.282377719879150391e+00,-1.973137497901916504e+00
-2.614722967147827148e+00,2.283295154571533203e+00
4.616796016693115234e+00,1.223921298980712891e+00
-2.670290231704711914e+00,-2.305846691131591797e+00
-2.318413734436035156e+00,2.158263921737670898e+00
-2.538424253463745117e+00,2.233915805816650391e+00
4.866394519805908203e+00,1.422091841697692871e+00
4.678115844726562500e+00,-1.155557513236999512e+00
4.988929271697998047e+00,-1.085075020790100098e+00
5.476916313171386719e+00,4.283618032932281494e-01
-2.236939191818237305e+00,-2.093690633773803711e+00
-2.575905799865722656e+00,2.266554832458496094e+00
-2.598137617111206055e+00,-2.268895149230957031e+00
-2.527122497558593750e+00,-2.344261646270751953e+00
4.426290988922119141e+00,-1.183161616325378418e+00
4.800164699554443359e+00,1.348446726799011230e+00
4.796491146087646484e+00,1.285300493240356445e+00
-2.386070728302001953e+00,2.208097457885742188e+00
-2.590031862258911133e+00,2.319945573806762695e+00
-2.523677110671997070e+00,-2.179174184799194336e+00
4.812514305114746094e+00,-1.280543088912963867e+00
4.750098228454589844e+00,1.399434447288513184e+00
4.646763324737548828e+00,-1.293946146965026855e+00
-2.435593843460083008e+00,-2.269813060760498047e+00
-2.652073383331298828e+00,2.340418577194213867e+00
-2.364622116088867188e+00,-2.159026145935058594e+00
-2.166572570800781250e+00,-2.114692687988281250e+00
-2.448418617248535156e+00,2.222887754440307617e+00
-2.070422410964965820e+00,1.994086503982543945e+00
-2.581909656524658203e+00,-2.263049840927124023e+00
-2.606106758117675781e+00,2.273458719253540039e+00
-2.307161569595336914e+00,2.232783555984497070e+00
4.666733741760253906e+00,-1.147907137870788574e+00
5.187796592712402344e+00,-1.162582159042358398e+00
4.566496849060058594e+00,1.202113986015319824e+00
4.545014381408691406e+00,1.242793202400207520e+00
-2.455646038055419922e+00,-2.246225833892822266e+00
-2.570616483688354492e+00,-2.330433607101440430e+00
-2.748317241668701172e+00,-2.398433923721313477e+00
4.824338912963867188e+00,-1.170573949813842773e+00
4.482641220092773438e+00,1.206094980239868164e+00
4.652809143066406250e+00,-1.241381049156188965e+00
4.604369163513183594e+00,1.368929028511047363e+00
-2.399597883224487305e+00,2.236938476562500000e+00
-2.562633037567138672e+00,-2.213702678680419922e+00
-2.666422128677368164e+00,2.390625953674316406e+00
-2.474946737289428711e+00,-2.180387496948242188e+00
4.625959396362304688e+00,1.322888016700744629e+00
-2.287712574005126953e+00,2.144371032714843750e+00
4.904103279113769531e+00,-1.316901922225952148e+00
-2.531514644622802734e+00,2.302774906158447266e+00
-2.573801279067993164e+00,-2.229104518890380859e+00
-2.470939874649047852e+00,2.243381261825561523e+00
-2.669899702072143555e+00,-2.364861011505126953e+00
4.549609184265136719e+00,1.322076439857482910e+00
4.675683021545410156e+00,1.335450291633605957e+00
-2.684744596481323242e+00,2.364030122756958008e+00
4.777030467987060547e+00,-1.245485782623291016e+00
-2.536022424697875977e+00,2.288672685623168945e+00
-2.108300447463989258e+00,2.021454334259033203e+00
-2.470913648605346680e+00,-2.206479787826538086e+00
-2.166086673736572266e+00,-2.010517120361328125e+00
-2.761665821075439453e+00,2.403748035430908203e+00
5.009531021118164062e+00,-1.069476485252380371e+00
5.085188388824462891e+00,1.281994819641113281e+00
-2.545313596725463867e+00,2.242542505264282227e+00
4.534408569335937500e+00,-1.130611538887023926e+00
5.115986347198486328e+00,-9.426976442337036133e-01
-1.938660502433776855e+00,-1.993672609329223633e+00
4.898143768310546875e+00,1.363716006278991699e+00
5.113007545471191406e+00,1.299496054649353027e+00
4.929397583007812500e+00,-1.204391360282897949e+00
-2.294642210006713867e+00,2.116194009780883789e+00
-2.398456811904907227e+00,-2.259277105331420898e+00
-1.235285758972167969e+00,1.770824670791625977e+00
4.741777896881103516e+00,-1.130214452743530273e+00
4.886938571929931641e+00,1.296802282333374023e+00
4.740920066833496094e+00,-1.109241485595703125e+00
4.889012813568115234e+00,-1.265502214431762695e+00
4.707101821899414062e+00,1.348590373992919922e+00
4.931856632232666016e+00,-1.292339563369750977e+00
4.782390594482421875e+00,-1.307691812515258789e+00
5.035356998443603516e+00,1.379597067832946777e+00
-1.941755890846252441e+00,1.964696049690246582e+00
-2.307562828063964844e+00,-1.941838860511779785e+00
-2.084293365478515625e+00,-2.056110143661499023e+00
-2.442650079727172852e+00,2.234437465667724609e+00
-2.125127315521240234e+00,2.001041889190673828e+00
-2.235903739929199219e+00,-2.060280084609985352e+00
-2.658435821533203125e+00,-2.381341218948364258e+00
-2.394239425659179688e+00,-2.182880163192749023e+00
-2.143107175827026367e+00,2.009106159210205078e+00
-2.391800880432128906e+00,-2.230197906494140625e+00
-2.012265920639038086e+00,2.045853853225708008e+00
-1.983292818069458008e+00,-1.949283003807067871e+00
-2.612073183059692383e+00,2.368295192718505859e+00
4.995562553405761719e+00,1.441877126693725586e+00
-2.666725635528564453e+00,2.327250719070434570e+00
-2.642503261566162109e+00,2.366229057312011719e+00
4.950713634490966797e+00,1.344990134239196777e+00
-1.810639619827270508e+00,1.891699075698852539e+00
-2.329765558242797852e+00,2.218605279922485352e+00
-1.422082304954528809e+00,-1.617714643478393555e+00
-2.494585037231445312e+00,2.209760189056396484e+00
-2.524902343750000000e+00,2.232609272003173828e+00
-2.500050544738769531e+00,-2.183217763900756836e+00
4.796714305877685547e+00,1.369357228279113770e+00
-2.355055570602416992e+00,2.168864488601684570e+00
5.056388854980468750e+00,1.391363263130187988e+00
5.035355567932128906e+00,1.291434764862060547e+00
-2.554601907730102539e+00,-2.331255197525024414e+00
5.011038303375244141e+00,-1.060925960540771484e+00
4.937471866607666016e+00,1.301272869110107422e+00
4.621900558471679688e+00,1.306465506553649902e+00
-2.315860986709594727e+00,1.946489095687866211e+00
-4.276926517486572266e-01,1.419959545135498047e+00
-2.342987298965454102e+00,2.250420570373535156e+00
-2.407604217529296875e+00,2.089028596878051758e+00
-2.204198598861694336e+00,-1.940532803535461426e+00
-2.432239770889282227e+00,-2.046145915985107422e+00
-3.041469752788543701e-01,-1.074159026145935059e+00
-2.358031272888183594e+00,2.101339817047119141e+00
-2.094725608825683594e+00,1.961825966835021973e+00
-2.087810993194580078e+00,1.884555697441101074e+00
-1.498324155807495117e+00,1.624686121940612793e+00
-1.652161717414855957e+00,1.772278070449829102e+00
5.404784679412841797e+00,8.236643075942993164e-01
5.100211143493652344e+00,-1.315720200538635254e+00
-1.234464526176452637e+00,-1.488213539123535156e+00
5.315653324127197266e+00,-9.899637699127197266e-01
4.802694320678710938e+00,-1.209670543670654297e+00
7.027248740196228027e-01,4.599413871765136719e-01
3.307737350463867188e+00,-6.747522354125976562e-01
4.929103374481201172e+00,1.184331655502319336e+00
-2.493538379669189453e+00,-2.188460350036621094e+00
-2.670415639877319336e+00,2.347547531127929688e+00
5.169236183166503906e+00,-1.192262887954711914e+00
-2.549573183059692383e+00,2.260978221893310547e+00
-2.326882600784301758e+00,2.255350589752197266e+00
4.661615848541259766e+00,1.135945916175842285e+00
4.892287254333496094e+00,1.371607661247253418e+00
-2.554010629653930664e+00,2.281956672668457031e+00
4.537242889404296875e+00,1.270708203315734863e+00
-1.427738785743713379e+00,1.515276432037353516e+00
-2.276532173156738281e+00,2.180289745330810547e+00
-2.630662679672241211e+00,2.374057531356811523e+00
4.631934642791748047e+00,1.232910156250000000e+00
-2.675245523452758789e+00,2.437262058258056641e+00
4.807391643524169922e+00,1.352778196334838867e+00
-2.118423938751220703e+00,2.116576910018920898e+00
-1.792613267898559570e+00,1.968300104141235352e+00
-1.920775532722473145e+00,2.044886589050292969e+00
-2.446103096008300781e+00,2.223445177078247070e+00
5.027120590209960938e+00,-1.309199094772338867e+00
-2.065332412719726562e+00,-1.855233192443847656e+00
-2.632881641387939453e+00,-2.397079467773437500e+00
-2.713205814361572266e+00,-2.379679441452026367e+00
4.772566318511962891e+00,1.368226528167724609e+00
-2.486452579498291016e+00,-2.244076728820800781e+00
2.300130844116210938e+00,-1.804653257131576538e-01
-1.780667424201965332e+00,1.660050511360168457e+00
4.591389656066894531e+00,1.279169321060180664e+00
-2.644439935684204102e+00,2.378569126129150391e+00
-2.561680316925048828e+00,2.358233928680419922e+00
-1.926554918289184570e+00,2.025245666503906250e+00
2.223425358533859253e-01,-1.050956964492797852e+00
4.689241409301757812e+00,1.267170071601867676e+00
-2.183970212936401367e+00,2.039427042007446289e+00
-2.414497852325439453e+00,-2.113930940628051758e+00
4.442471981048583984e+00,-1.193396806716918945e+00
4.554790019989013672e+00,1.234022021293640137e+00
-2.566772699356079102e+00,2.280936956405639648e+00
-2.464505672454833984e+00,2.220252037048339844e+00
4.704020977020263672e+00,-1.271700024604797363e+00
-2.637034416198730469e+00,-2.288455486297607422e+00
-2.279168605804443359e+00,-2.089623689651489258e+00
-2.385971069335937500e+00,2.149136304855346680e+00
-2.593917369842529297e+00,2.327800512313842773e+00
4.859973907470703125e+00,1.436070561408996582e+00
-2.197730064392089844e+00,-2.064127445220947266e+00
-2.676742553710937500e+00,2.338298082351684570e+00
5.031586170196533203e+00,1.365134000778198242e+00
-2.496589422225952148e+00,2.236607789993286133e+00
-2.390283584594726562e+00,-2.209271669387817383e+00
4.787184715270996094e+00,-1.094721078872680664e+00
-2.225304603576660156e+00,1.949859499931335449e+00
4.807322978973388672e+00,-1.232676982879638672e+00
4.708980560302734375e+00,-1.193953275680541992e+00
-2.447777748107910156e+00,2.216654300689697266e+00
-2.661652565002441406e+00,2.379338741302490234e+00
4.975428581237792969e+00,-1.253367304801940918e+00
-2.691410541534423828e+00,2.313005447387695312e+00
-2.753248929977416992e+00,-2.365031957626342773e+00
4.789985656738281250e+00,-1.232724785804748535e+00
5.377177238464355469e+00,1.268960118293762207e+00
-2.497340917587280273e+00,2.211544752120971680e+00
-2.323348522186279297e+00,-2.130780696868896484e+00
-2.012133598327636719e+00,-1.927884101867675781e+00
-2.731522321701049805e+00,2.369384765625000000e+00
-2.333745479583740234e+00,2.199748277664184570e+00
-2.462591171264648438e+00,-2.138664245605468750e+00
5.095013141632080078e+00,1.421870470046997070e+00
4.769459247589111328e+00,-1.146435856819152832e+00
-2.336729049682617188e+00,-2.108825206756591797e+00
-2.256601095199584961e+00,-1.993273019790649414e+00
-5.177474021911621094e-01,1.302230954170227051e+00
4.824294567108154297e+00,-1.280011534690856934e+00
-2.308175563812255859e+00,-1.967957854270935059e+00
-2.498400211334228516e+00,-2.254697561264038086e+00
4.681270122528076172e+00,1.394629716873168945e+00
-2.377110958099365234e+00,-2.095311880111694336e+00
4.845144271850585938e+00,-1.317100048065185547e+00
4.896492481231689453e+00,-1.290629982948303223e+00
-2.594502925872802734e+00,-2.257551431655883789e+00
5.046385765075683594e+00,-1.208759903907775879e+00
-2.503654241561889648e+00,2.165756464004516602e+00
4.568485260009765625e+00,-1.086088299751281738e+00
-2.696263551712036133e+00,2.428742408752441406e+00
4.689292907714843750e+00,1.296263933181762695e+00
-2.120387077331542969e+00,2.032522439956665039e+00
4.835471153259277344e+00,1.375535488128662109e+00
-2.630849123001098633e+00,-2.238653659820556641e+00
-2.155685424804687500e+00,-2.054768085479736328e+00
-2.305914402008056641e+00,2.139616012573242188e+00
-2.408884048461914062e+00,-2.196706056594848633e+00
-2.474277496337890625e+00,-2.216753005981445312e+00
-2.743509531021118164e+00,-2.322544813156127930e+00
4.924140930175781250e+00,-1.138702034950256348e+00
-1.905727624893188477e+00,2.023924112319946289e+00
4.407924652099609375e+00,-1.230329871177673340e+00
4.777713775634765625e+00,-1.167887210845947266e+00
-2.249152660369873047e+00,-2.017395496368408203e+00
-2.542441129684448242e+00,2.240225553512573242e+00
4.636677742004394531e+00,1.241051673889160156e+00
-2.220798730850219727e+00,2.017484903335571289e+00
-1.084581971168518066e+00,-1.371941447257995605e+00
5.267905235290527344e+00,-1.069157361984252930e+00
-2.214579105377197266e+00,2.098074436187744141e+00
4.887756347656250000e+00,1.268919110298156738e+00
-2.118156194686889648e+00,-1.847097516059875488e+00
-2.420011520385742188e+00,2.161198139190673828e+00
-2.719252109527587891e+00,-2.424324989318847656e+00
-2.560731649398803711e+00,2.315779685974121094e+00
-2.280357360839843750e+00,-2.126835584640502930e+00
5.002531051635742188e+00,-1.156540870666503906e+00
4.944814682006835938e+00,-1.302839756011962891e+00
4.833663463592529297e+00,-1.269958019256591797e+00
4.858352661132812500e+00,1.278892517089843750e+00
-2.272267818450927734e+00,-2.053499698638916016e+00
-2.706114053726196289e+00,2.401291608810424805e+00
-2.606556653976440430e+00,2.302204370498657227e+00
-2.388248920440673828e+00,2.081166267395019531e+00
-2.542594194412231445e+00,2.283677816390991211e+00
-2.414917945861816406e+00,-2.108004093170166016e+00
-2.608226060867309570e+00,-2.341214656829833984e+00
-2.671247720718383789e+00,-2.319421768188476562e+00
-2.212269067764282227e+00,2.196619510650634766e+00
-2.526845693588256836e+00,-2.144328594207763672e+00
4.746884822845458984e+00,1.382390379905700684e+00
4.974802970886230469e+00,-1.276169657707214355e+00
-2.273706912994384766e+00,2.101913928985595703e+00
-1.938742995262145996e+00,-1.997428774833679199e+00
-2.594083309173583984e+00,-2.352529048919677734e+00
-2.559115171432495117e+00,2.255400180816650391e+00
-2.571407318115234375e+00,-2.278408288955688477e+00
-2.412021875381469727e+00,2.247579097747802734e+00
-2.146838188171386719e+00,-2.096545696258544922e+00
-1.064610719680786133e+00,1.734671950340270996e+00
4.559631347656250000e+00,-1.105765938758850098e+00
-2.502773523330688477e+00,-2.279124736785888672e+00
-2.559099912643432617e+00,-2.282226324081420898e+00
-2.604416370391845703e+00,2.164670228958129883e+00
-2.276622772216796875e+00,-2.087547302246093750e+00
-2.681154251098632812e+00,-2.302434682846069336e+00
4.882183074951171875e+00,1.421337485313415527e+00
4.773642063140869141e+00,1.264827728271484375e+00
4.861490726470947266e+00,-1.223505139350891113e+00
4.948431015014648438e+00,1.335715413093566895e+00
-2.190799713134765625e+00,-2.027694702148437500e+00
-1.823836088180541992e+00,-1.747016549110412598e+00
-2.492841243743896484e+00,-2.244112491607666016e+00
-2.389753341674804688e+00,2.188982486724853516e+00
-2.223699569702148438e+00,-1.984433174133300781e+00
-2.046225070953369141e+00,-2.005305290222167969e+00
-2.342798948287963867e+00,2.242066621780395508e+00
-2.447266578674316406e+00,2.170718669891357422e+00
-2.551671504974365234e+00,2.205117464065551758e+00
-2.663045883178710938e+00,-2.312537431716918945e+00
-2.390259265899658203e+00,-2.149043560028076172e+00
-2.478883028030395508e+00,-2.271610260009765625e+00
4.614068508148193359e+00,-1.132949352264404297e+00
4.569986343383789062e+00,-1.182236194610595703e+00
4.659144401550292969e+00,-1.223337769508361816e+00
-2.025317668914794922e+00,1.860182166099548340e+00
-2.684580802917480469e+00,2.297950983047485352e+00
4.504417419433593750e+00,-1.194573640823364258e+00
-2.243504762649536133e+00,2.136113643646240234e+00
-2.605915307998657227e+00,2.326671600341796875e+00
4.898967266082763672e+00,-1.225798726081848145e+00
-2.735227823257446289e+00,-2.402929306030273438e+00
5.084447383880615234e+00,1.378300905227661133e+00
4.880326747894287109e+00,1.323024272918701172e+00
4.945497512817382812e+00,-1.273485064506530762e+00
4.912707328796386719e+00,1.409190893173217773e+00
-2.406235218048095703e+00,-2.093343019485473633e+00
-2.379775047302246094e+00,2.157210350036621094e+00
-2.191924810409545898e+00,-2.003769159317016602e+00
4.978923320770263672e+00,-1.280238628387451172e+00
4.865925788879394531e+00,1.375504732131958008e+00
-2.390908718109130859e+00,2.235023021697998047e+00
4.683883666992187500e+00,1.294904351234436035e+00
-1.087645053863525391e+00,-1.372253656387329102e+00
-2.282059669494628906e+00,2.099574565887451172e+00
-2.742547988891601562e+00,-2.421715974807739258e+00
-2.646970033645629883e+00,2.344008445739746094e+00
-1.377365827560424805e+00,1.854686856269836426e+00
4.592536449432373047e+00,-1.174021244049072266e+00
-2.668887615203857422e+00,-2.392399311065673828e+00
-2.372084856033325195e+00,-1.971001267433166504e+00
-2.009443521499633789e+00,2.064404964447021484e+00
-2.479959487915039062e+00,2.299562931060791016e+00
-2.527657270431518555e+00,2.324676752090454102e+00
-2.673984527587890625e+00,2.390952348709106445e+00
-2.576251029968261719e+00,2.285122632980346680e+00
-2.486463546752929688e+00,-2.255801677703857422e+00
-2.495371103286743164e+00,2.255059480667114258e+00
4.737622261047363281e+00,1.409917473793029785e+00
-2.638237714767456055e+00,2.317894697189331055e+00
-2.507444620132446289e+00,2.192434549331665039e+00
-2.601749181747436523e+00,-2.355906486511230469e+00
4.847830772399902344e+00,1.195813655853271484e+00
4.902282238006591797e+00,-1.162417054176330566e+00
5.044843196868896484e+00,1.416742324829101562e+00
-2.245627641677856445e+00,-1.940459966659545898e+00
-2.665295600891113281e+00,2.315227985382080078e+00
-2.714314460754394531e+00,-2.400077581405639648e+00
-2.730009317398071289e+00,2.397794246673583984e+00
4.906190872192382812e+00,1.258513212203979492e+00
-2.001067161560058594e+00,-2.037475585937500000e+00
-2.711505413055419922e+00,2.401346683502197266e+00
4.898843765258789062e+00,1.387697219848632812e+00
-2.697755813598632812e+00,2.371563434600830078e+00
-2.387057542800903320e+00,-2.193485975265502930e+00
-2.636829376220703125e+00,-2.370599031448364258e+00
4.807352066040039062e+00,-1.124693870544433594e+00
4.795567035675048828e+00,1.385467052459716797e+00
5.200016021728515625e+00,-9.771366119384765625e-01
-2.423473596572875977e+00,-2.277734994888305664e+00
-2.328513622283935547e+00,2.207548618316650391e+00
-2.328702449798583984e+00,2.088246345520019531e+00
-2.453993797302246094e+00,2.032377004623413086e+00
4.742783069610595703e+00,-1.258211612701416016e+00
-2.454843282699584961e+00,-2.297448396682739258e+00
-2.621203422546386719e+00,-2.255672216415405273e+00
-2.378557205200195312e+00,2.112472772598266602e+00
-2.362121105194091797e+00,-2.169135093688964844e+00
-1.698725223541259766e+00,-1.861285805702209473e+00
-5.497384667396545410e-01,1.333905935287475586e+00
4.949829101562500000e+00,1.364649653434753418e+00
-2.491811752319335938e+00,-2.239635705947875977e+00
4.947280406951904297e+00,1.318234086036682129e+00
-2.383499860763549805e+00,-2.135115623474121094e+00
-1.460960507392883301e+00,1.812735795974731445e+00
4.711921691894531250e+00,-1.164330124855041504e+00
-2.231274366378784180e+00,2.053084611892700195e+00
-2.418940544128417969e+00,-2.218646764755249023e+00
-2.566603660583496094e+00,-2.317405462265014648e+00
4.632963180541992188e+00,1.323757290840148926e+00
-2.340357780456542969e+00,2.092399120330810547e+00
-2.448054075241088867e+00,-2.275620937347412109e+00
-2.486619472503662109e+00,2.173615455627441406e+00
-2.522813081741333008e+00,2.279166460037231445e+00
-2.014997482299804688e+00,2.084223031997680664e+00
-2.214247941970825195e+00,-2.090108394622802734e+00
-2.182335615158081055e+00,-2.087016820907592773e+00
-2.432806491851806641e+00,2.286435604095458984e+00
-2.638079881668090820e+00,-2.334913730621337891e+00
4.883233070373535156e+00,-1.261683821678161621e+00
4.894734859466552734e+00,-1.222191452980041504e+00
-2.477398395538330078e+00,-2.273436307907104492e+00
-2.546407222747802734e+00,2.314505100250244141e+00
-3.993260860443115234e-01,1.236163973808288574e+00
-1.034449696540832520e+00,-1.187288522720336914e+00
5.058571338653564453e+00,-1.099388122558593750e+00
5.092453956604003906e+00,-1.120725750923156738e+00
-2.549054861068725586e+00,2.311715602874755859e+00
4.962696075439453125e+00,-1.195951700210571289e+00
-2.552324533462524414e+00,2.307809352874755859e+00
-2.202419996261596680e+00,2.159872531890869141e+00
-2.277517318725585938e+00,2.075085639953613281e+00
-2.017940044403076172e+00,2.041529178619384766e+00
-2.438307046890258789e+00,-2.182369232177734375e+00
-2.694815397262573242e+00,-2.434861421585083008e+00
4.648703098297119141e+00,9.976971149444580078e-01
4.959287166595458984e+00,-1.143052935600280762e+00
-2.516888618469238281e+00,-2.184531450271606445e+00
4.589268684387207031e+00,-1.135675191879272461e+00
4.901906013488769531e+00,-1.311231374740600586e+00
-2.735319614410400391e+00,-2.372312784194946289e+00
-2.013535261154174805e+00,-2.041594982147216797e+00
-2.621387243270874023e+00,-2.337355136871337891e+00
4.272710323333740234e+00,-1.162821292877197266e+00
-2.274502515792846680e+00,-2.092900514602661133e+00
-2.449524164199829102e+00,-2.170007228851318359e+00
-2.280997991561889648e+00,2.058917284011840820e+00
-2.615921020507812500e+00,-2.287856817245483398e+00
-2.599336147308349609e+00,2.318330526351928711e+00
4.900363922119140625e+00,1.378422856330871582e+00
-2.596035003662109375e+00,2.319302797317504883e+00
4.782872200012207031e+00,-1.224559664726257324e+00
-2.374924659729003906e+00,2.008103609085083008e+00
-2.479744434356689453e+00,2.282256364822387695e+00
-2.562077283859252930e+00,2.244109630584716797e+00
4.762200355529785156e+00,-1.266058325767517090e+00
-1.826612591743469238e+00,-1.804144144058227539e+00
-1.544248700141906738e+00,-1.563785791397094727e+00
-2.382342815399169922e+00,-2.086336851119995117e+00
-2.652306318283081055e+00,-2.379736423492431641e+00
4.602890968322753906e+00,-1.278685331344604492e+00
4.660359382629394531e+00,1.335314154624938965e+00
-2.191456794738769531e+00,2.173910140991210938e+00
-2.382679700851440430e+00,-2.210944652557373047e+00
4.608639240264892578e+00,1.321561813354492188e+00
-2.757203340530395508e+00,2.382059812545776367e+00
4.912859916687011719e+00,-1.276783585548400879e+00
-2.309154033660888672e+00,2.272352933883666992e+00
4.788934230804443359e+00,1.385165810585021973e+00
-6.701481938362121582e-01,-1.232862710952758789e+00
4.874551296234130859e+00,1.313174128532409668e+00
4.802575588226318359e+00,1.333810329437255859e+00
-2.147169113159179688e+00,2.037099838256835938e+00
-2.523571252822875977e+00,-2.277059316635131836e+00
-2.516246557235717773e+00,2.298512458801269531e+00
-2.399786233901977539e+00,2.144118785858154297e+00
4.889179706573486328e+00,1.429006338119506836e+00
-1.672784686088562012e+00,1.899836063385009766e+00
-2.025536537170410156e+00,-1.927132487297058105e+00
-2.503268241882324219e+00,-2.170163393020629883e+00
4.720122337341308594e+00,-1.268165469169616699e+00
4.789974212646484375e+00,1.350241899490356445e+00
-2.183936834335327148e+00,-2.060025453567504883e+00
-2.604004859924316406e+00,-2.344322681427001953e+00
4.545845508575439453e+00,-1.214933395385742188e+00
4.696597099304199219e+00,1.272866487503051758e+00
4.309887886047363281e+00,-1.157024502754211426e+00
-1.921743273735046387e+00,1.900633335113525391e+00
4.955703735351562500e+00,-1.213109016418457031e+00
4.982860565185546875e+00,-1.313058614730834961e+00
-2.417423248291015625e+00,2.193363189697265625e+00
4.976028919219970703e+00,1.293326854705810547e+00
-2.295315265655517578e+00,-2.208704710006713867e+00
4.679736137390136719e+00,1.217546463012695312e+00
-2.698883056640625000e+00,2.398279428482055664e+00
-2.665442466735839844e+00,2.293295860290527344e+00
-2.461487054824829102e+00,2.263678789138793945e+00
-2.118918180465698242e+00,2.039881706237792969e+00
-2.528464078903198242e+00,-2.197365045547485352e+00
-1.854134678840637207e+00,-1.816603183746337891e+00
-2.759183883666992188e+00,2.428588867187500000e+00
-2.599378824234008789e+00,2.357534408569335938e+00
-2.504700660705566406e+00,2.154796600341796875e+00
-2.104875326156616211e+00,-2.024132251739501953e+00
-2.662785053253173828e+00,2.420417785644531250e+00
-2.374459981918334961e+00,-2.132550716400146484e+00
-2.410447120666503906e+00,-2.188673734664916992e+00
5.053797721862792969e+00,1.298581123352050781e+00
-1.876144170761108398e+00,1.935085296630859375e+00
-2.494712352752685547e+00,2.266873598098754883e+00
-2.139594316482543945e+00,2.116410493850708008e+00
-2.306088209152221680e+00,-2.176432609558105469e+00
-2.562548637390136719e+00,-2.245869874954223633e+00
4.827874660491943359e+00,-1.292915582656860352e+00
-2.357877731323242188e+00,-2.229222297668457031e+00
-2.372396230697631836e+00,-2.189500331878662109e+00
-2.546584844589233398e+00,2.201157093048095703e+00
-2.648590803146362305e+00,-2.272952318191528320e+00
-2.434444665908813477e+00,-2.265190601348876953e+00
-2.507725000381469727e+00,2.321403503417968750e+00
4.950940132141113281e+00,1.415449261665344238e+00
4.858139038085937500e+00,1.373642683029174805e+00
4.574510097503662109e+00,1.344179391860961914e+00
-2.378226041793823242e+00,-2.182724237442016602e+00
-2.711854934692382812e+00,2.410276889801025391e+00
-2.737974643707275391e+00,2.387351274490356445e+00
-2.308434247970581055e+00,2.160738945007324219e+00
-2.575423240661621094e+00,-2.275317192077636719e+00
-2.692957401275634766e+00,-2.309059143066406250e+00
3.935622215270996094e+00,1.028794527053833008e+00
-1.896172642707824707e+00,-1.938870429992675781e+00
4.730485916137695312e+00,1.276135087013244629e+00
4.864665985107421875e+00,-1.290727257728576660e+00
-2.741042613983154297e+00,2.375769853591918945e+00
4.820599079132080078e+00,-1.184835433959960938e+00
-2.182520151138305664e+00,-2.131325721740722656e+00
4.419272422790527344e+00,-1.130793213844299316e+00
-2.128732681274414062e+00,2.128143787384033203e+00
-2.287908792495727539e+00,-2.054598093032836914e+00
-2.517415523529052734e+00,-2.267449617385864258e+00
-2.003028392791748047e+00,-2.022691726684570312e+00
-2.441604375839233398e+00,-2.227522373199462891e+00
-2.489888906478881836e+00,2.123434782028198242e+00
-2.785648822784423828e+00,2.411484718322753906e+00
-2.581258058547973633e+00,2.252357482910156250e+00
-2.576068878173828125e+00,-2.234845161437988281e+00
4.908924102783203125e+00,1.380849480628967285e+00
-2.388796329498291016e+00,2.128567457199096680e+00
-1.940719008445739746e+00,-1.787654399871826172e+00
4.571828365325927734e+00,-1.273387551307678223e+00
-2.282757520675659180e+00,-2.167518377304077148e+00
5.061467170715332031e+00,-1.238436222076416016e+00
4.413057804107666016e+00,-1.186082959175109863e+00
-2.640559196472167969e+00,2.368128061294555664e+00
-2.386646270751953125e+00,2.240344524383544922e+00
-2.426575183868408203e+00,-2.227141380310058594e+00
-2.548647880554199219e+00,2.246993064880371094e+00
5.072119712829589844e+00,1.250519990921020508e+00
5.008574962615966797e+00,-1.210423350334167480e+00
-1.636282682418823242e+00,-1.885167121887207031e+00
4.934044837951660156e+00,1.331664800643920898e+00
-2.587073564529418945e+00,2.295525074005126953e+00
4.743709087371826172e+00,-1.228148102760314941e+00
-2.543215751647949219e+00,2.273069381713867188e+00
4.499247550964355469e+00,1.290372371673583984e+00
4.884065151214599609e+00,1.345898032188415527e+00
-2.632901430130004883e+00,2.363538503646850586e+00
-2.237541437149047852e+00,-2.037979841232299805e+00
-1.780232310295104980e+00,-1.735801219940185547e+00
4.800575256347656250e+00,1.356505155563354492e+00
5.075162410736083984e+00,-1.311845779418945312e+00
-2.230600833892822266e+00,2.077112197875976562e+00
-2.400528907775878906e+00,-2.232607841491699219e+00
4.753709316253662109e+00,1.364025831222534180e+00
4.942618846893310547e+00,-1.060489535331726074e+00
-2.628026008605957031e+00,2.331310749053955078e+00
-2.142328262329101562e+00,2.136482715606689453e+00
-2.584534645080566406e+00,2.284951448440551758e+00
-9.355871081352233887e-01,1.413180589675903320e+00
4.688035964965820312e+00,-1.279082059860229492e+00
-2.416608095169067383e+00,-2.257908344268798828e+00
-2.055785179138183594e+00,-2.020547389984130859e+00
-2.200005531311035156e+00,2.147155523300170898e+00
4.955702304840087891e+00,1.415332674980163574e+00
4.905611991882324219e+00,1.350907564163208008e+00
-1.757016062736511230e+00,-1.804465770721435547e+00
-2.324014902114868164e+00,-2.204363584518432617e+00
-2.682474613189697266e+00,2.340110540390014648e+00
-1.027419328689575195e+00,-1.113889455795288086e+00
-2.129867315292358398e+00,-2.078895568847656250e+00
4.856529712677001953e+00,1.330011248588562012e+00
-2.484663486480712891e+00,-2.189429283142089844e+00
-2.197617292404174805e+00,-2.093540191650390625e+00
-2.595136165618896484e+00,-2.326155424118041992e+00
-2.630681276321411133e+00,2.349481344223022461e+00
5.089578151702880859e+00,-1.287708640098571777e+00
-2.379733800888061523e+00,2.210548400878906250e+00
-7.823265790939331055e-01,1.381060242652893066e+00
-2.700456380844116211e+00,-2.319073915481567383e+00
-2.487490892410278320e+00,2.236092805862426758e+00
4.719068527221679688e+00,-1.139735102653503418e+00
-2.240979909896850586e+00,-2.181998729705810547e+00
-2.447999954223632812e+00,2.145686864852905273e+00
-2.249368667602539062e+00,2.197148799896240234e+00
4.856763362884521484e+00,1.373753428459167480e+00
-2.370932817459106445e+00,2.102828741073608398e+00
-2.315580368041992188e+00,-2.177517414093017578e+00
5.001276016235351562e+00,-1.297511696815490723e+00
-2.420896291732788086e+00,2.220245599746704102e+00
4.595177173614501953e+00,-1.155298829078674316e+00
-2.481818437576293945e+00,2.238484859466552734e+00
-2.385488986968994141e+00,-2.292175292968750000e+00
-2.397749185562133789e+00,-2.179775238037109375e+00
-2.480291843414306641e+00,2.266598701477050781e+00
-2.637104511260986328e+00,2.379064083099365234e+00
-2.205505371093750000e+00,-2.092868804931640625e+00
4.391839981079101562e+00,1.184615612030029297e+00
4.421253204345703125e+00,-1.164660334587097168e+00
5.050221920013427734e+00,1.387506484985351562e+00
-2.539050817489624023e+00,2.260617971420288086e+00
-2.575996398925781250e+00,-2.378928422927856445e+00
4.351326465606689453e+00,-1.207299470901489258e+00
-2.481861114501953125e+00,2.265060901641845703e+00
-2.418174028396606445e+00,2.128465414047241211e+00
-2.630082130432128906e+00,-2.336213350296020508e+00
-2.223569393157958984e+00,2.199090242385864258e+00
3.946720361709594727e+00,9.464663267135620117e-01
-1.633800029754638672e+00,1.788889288902282715e+00
4.753076553344726562e+00,-1.224329829216003418e+00
-2.200931072235107422e+00,2.039449214935302734e+00
-2.456284284591674805e+00,2.252224683761596680e+00
4.945046901702880859e+00,-1.376397728919982910e+00
-2.284768819808959961e+00,2.156110286712646484e+00
5.170978546142578125e+00,-1.219438910484313965e+00
4.969738006591796875e+00,-1.034107685089111328e+00
4.949783802032470703e+00,-1.350821137428283691e+00
4.934336662292480469e+00,-1.334123611450195312e+00
-2.414475440979003906e+00,-2.248220443725585938e+00
-2.753288269042968750e+00,-2.401316642761230469e+00
-2.578988075256347656e+00,-2.268484830856323242e+00
-2.419494628906250000e+00,2.132114410400390625e+00
4.959907531738281250e+00,-1.269054770469665527e+00
-1.911579370498657227e+00,1.906016230583190918e+00
4.728849887847900391e+00,-1.292175292968750000e+00
-2.601297855377197266e+00,2.386056661605834961e+00
4.937106132507324219e+00,-1.245482683181762695e+00
5.065533161163330078e+00,1.396531820297241211e+00
-1.765195131301879883e+00,2.040149211883544922e+00
-2.133082389831542969e+00,-2.046097278594970703e+00
-2.624837875366210938e+00,2.286803245544433594e+00
4.914607048034667969e+00,1.411469817161560059e+00
-2.442961454391479492e+00,-2.241239786148071289e+00
-1.566003799438476562e+00,-1.801979422569274902e+00
-2.749055862426757812e+00,2.369346618652343750e+00
-2.515843152999877930e+00,2.223234653472900391e+00
-2.505398750305175781e+00,2.263012170791625977e+00
-2.536994218826293945e+00,-2.203487873077392578e+00
-2.610353231430053711e+00,-2.322866916656494141e+00
4.789038658142089844e+00,-1.271448850631713867e+00
-2.338670969009399414e+00,-2.103693723678588867e+00
-2.588663101196289062e+00,-2.289308547973632812e+00
-2.433758974075317383e+00,2.263262033462524414e+00
5.095269680023193359e+00,1.378650546073913574e+00
-2.374268531799316406e+00,2.175357103347778320e+00
5.064774036407470703e+00,-1.176697134971618652e+00
-1.619882822036743164e+00,-1.817707061767578125e+00
5.004936218261718750e+00,-1.132796764373779297e+00
-2.765060663223266602e+00,-2.437061309814453125e+00
-2.650660037994384766e+00,2.376647472381591797e+00
4.484235763549804688e+00,-1.156953096389770508e+00
-2.429580688476562500e+00,-2.297430038452148438e+00
-2.663163185119628906e+00,2.402280330657958984e+00
-2.517456769943237305e+00,-2.063994646072387695e+00
4.906172275543212891e+00,1.426315546035766602e+00
5.008476734161376953e+00,-1.312337875366210938e+00
-2.644390583038330078e+00,-2.407620191574096680e+00
-2.002774000167846680e+00,-2.033005952835083008e+00
5.178524494171142578e+00,1.276847004890441895e+00
4.595925807952880859e+00,-1.145176053047180176e+00
4.880378723144531250e+00,1.335418462753295898e+00
4.894631385803222656e+00,-1.315705657005310059e+00
5.126654148101806641e+00,-1.013948917388916016e+00
4.914803028106689453e+00,-1.094515323638916016e+00
-2.120013952255249023e+00,-1.877042531967163086e+00
5.006908416748046875e+00,1.257734537124633789e+00
-2.686106920242309570e+00,2.310355186462402344e+00
-2.690704345703125000e+00,2.426636219024658203e+00
-2.561784029006958008e+00,-2.202606439590454102e+00
-2.103058338165283203e+00,1.862405300140380859e+00
-2.333224296569824219e+00,2.180050611495971680e+00
4.872399806976318359e+00,1.395784616470336914e+00
-2.600016832351684570e+00,2.304528474807739258e+00
-2.366439342498779297e+00,-2.188859701156616211e+00
2.575126886367797852e+00,5.171065330505371094e-01
-2.311058998107910156e+00,-2.173998355865478516e+00
-2.714572906494140625e+00,-2.289488792419433594e+00
-2.398130178451538086e+00,2.227507114410400391e+00
-2.359825372695922852e+00,-2.157402276992797852e+00
-2.547772407531738281e+00,-2.280234098434448242e+00
-2.318543195724487305e+00,2.057796239852905273e+00
-2.326230049133300781e+00,2.108564138412475586e+00
5.231135845184326172e+00,-1.052006959915161133e+00
-2.186625719070434570e+00,1.992322087287902832e+00
-1.973031997680664062e+00,1.956642627716064453e+00
-2.670628547668457031e+00,-2.332962989807128906e+00
4.885793209075927734e+00,1.288624167442321777e+00
2.853966712951660156e+00,5.616676807403564453e-01
-1.916356563568115234e+00,2.009625434875488281e+00
4.870193481445312500e+00,-1.360643267631530762e+00
4.621018409729003906e+00,-1.174831628799438477e+00
4.806172370910644531e+00,-1.281137228012084961e+00
4.918036460876464844e+00,1.439031720161437988e+00
4.590627670288085938e+00,-1.198840737342834473e+00
4.974291324615478516e+00,1.408909320831298828e+00
-1.394263029098510742e+00,-1.659134984016418457e+00
-1.957126736640930176e+00,1.978477358818054199e+00
4.565381526947021484e+00,1.387235045433044434e+00
-2.306982278823852539e+00,-2.179877281188964844e+00
5.007334709167480469e+00,1.361489176750183105e+00
4.801915168762207031e+00,1.298783302307128906e+00
-2.549093246459960938e+00,-2.207115173339843750e+00
-1.981013298034667969e+00,1.902675151824951172e+00
-1.973238706588745117e+00,-1.939432144165039062e+00
-2.614879846572875977e+00,2.281400203704833984e+00
-2.142379999160766602e+00,-2.076980352401733398e+00
4.673891544342041016e+00,-1.216223716735839844e+00
-2.596371173858642578e+00,-2.231729030609130859e+00
-2.384469747543334961e+00,2.150730371475219727e+00
-2.542499780654907227e+00,2.245904445648193359e+00
-2.470860958099365234e+00,-2.267958879470825195e+00
-2.520346164703369141e+00,-2.291070938110351562e+00
-2.466762542724609375e+00,2.244085550308227539e+00
4.423279285430908203e+00,1.295565366744995117e+00
-2.672352313995361328e+00,-2.316481828689575195e+00
-1.717294692993164062e+00,1.799688458442687988e+00
-2.475812435150146484e+00,-2.301810503005981445e+00
-2.026969432830810547e+00,-1.783478617668151855e+00
4.736726284027099609e+00,-1.266747951507568359e+00
4.947295665740966797e+00,1.450391292572021484e+00
-2.362335205078125000e+00,-2.040199279785156250e+00
-2.558651447296142578e+00,-2.301007270812988281e+00
5.156637668609619141e+00,-1.025414228439331055e+00
-2.114401340484619141e+00,-1.917212009429931641e+00
-2.091351985931396484e+00,2.092833042144775391e+00
4.870200634002685547e+00,1.376493334770202637e+00
-2.456488370895385742e+00,2.269464015960693359e+00
-2.645859956741333008e+00,2.315288066864013672e+00
-2.259713888168334961e+00,-2.141660451889038086e+00
-2.578500509262084961e+00,2.376550197601318359e+00
-2.619051456451416016e+00,2.318325281143188477e+00
-2.350497484207153320e+00,2.151107788085937500e+00
-2.329479932785034180e+00,2.171040534973144531e+00
-2.481390476226806641e+00,-2.212869167327880859e+00
-2.280890941619873047e+00,-2.152365922927856445e+00
4.936342716217041016e+00,-1.398827672004699707e+00
-2.354011058807373047e+00,1.859383344650268555e+00
-2.434467792510986328e+00,2.182663440704345703e+00
-2.448177337646484375e+00,2.194060802459716797e+00
4.892116546630859375e+00,-1.265791058540344238e+00
-2.330274820327758789e+00,-2.231586456298828125e+00
-2.384945154190063477e+00,2.271440029144287109e+00
-2.622580766677856445e+00,2.281835317611694336e+00
4.932176589965820312e+00,1.386589765548706055e+00
-2.169206380844116211e+00,-1.914060235023498535e+00
-2.188118934631347656e+00,-2.144913196563720703e+00
-2.608721017837524414e+00,2.240777015686035156e+00
4.864027500152587891e+00,-1.245471715927124023e+00
-2.439859151840209961e+00,-2.179929256439208984e+00
-2.451779127120971680e+00,2.216620683670043945e+00
-2.760943889617919922e+00,-2.387417078018188477e+00
4.944951057434082031e+00,1.393059968948364258e+00
-2.537473678588867188e+00,-2.161396026611328125e+00
-2.595991849899291992e+00,-2.306595563888549805e+00
-2.013945341110229492e+00,-1.969926357269287109e+00
-2.630944252014160156e+00,2.373792886734008789e+00
-2.289841413497924805e+00,2.195599555969238281e+00
-2.227043628692626953e+00,2.108521938323974609e+00
-2.527014255523681641e+00,2.335483312606811523e+00
-1.179715871810913086e+00,-1.282205343246459961e+00
-2.624454259872436523e+00,-2.310771226882934570e+00
-2.170760393142700195e+00,-2.013224840164184570e+00
-2.635063171386718750e+00,2.323993444442749023e+00
4.887576103210449219e+00,1.374212622642517090e+00
-2.738742351531982422e+00,2.439245700836181641e+00
-2.096697807312011719e+00,-1.997340083122253418e+00
-1.898094654083251953e+00,-2.007795095443725586e+00
4.833039283752441406e+00,-1.226114153861999512e+00
4.551742076873779297e+00,1.291938543319702148e+00
-1.540135622024536133e+00,-1.563399553298950195e+00
4.310636043548583984e+00,1.176398515701293945e+00
4.832989215850830078e+00,1.350336432456970215e+00
-2.268345117568969727e+00,2.163334131240844727e+00
4.805224418640136719e+00,-1.340342640876770020e+00
-2.468945980072021484e+00,-2.314157962799072266e+00
-2.347299814224243164e+00,-2.132132291793823242e+00
-2.476185321807861328e+00,-2.195989847183227539e+00
-8.182107210159301758e-01,1.400163769721984863e+00
4.921844005584716797e+00,1.366236090660095215e+00
4.582473754882812500e+00,1.262678384780883789e+00
4.988750457763671875e+00,1.375717282295227051e+00
-2.578343391418457031e+00,-2.305842399597167969e+00
-2.170818567276000977e+00,-2.055051565170288086e+00
-2.699904203414916992e+00,-2.390326499938964844e+00
-2.413324117660522461e+00,-2.045028686523437500e+00
4.814853191375732422e+00,-1.189525365829467773e+00
4.854543685913085938e+00,-1.022141337394714355e+00
-2.611185073852539062e+00,2.348590373992919922e+00
-2.199117422103881836e+00,2.155321121215820312e+00
4.908140659332275391e+00,1.276234507560729980e+00
-2.570708513259887695e+00,2.331906557083129883e+00
-2.343530893325805664e+00,2.267123460769653320e+00
-2.340519905090332031e+00,-2.214191675186157227e+00
-2.502222061157226562e+00,-2.276345252990722656e+00
4.863711357116699219e+00,1.280408382415771484e+00
4.745806217193603516e+00,-1.235116124153137207e+00
4.986161231994628906e+00,-1.255839586257934570e+00
-2.584636688232421875e+00,-2.300374031066894531e+00
-2.501652956008911133e+00,-2.207156658172607422e+00
-1.845803499221801758e+00,-1.672941446304321289e+00
4.898649692535400391e+00,1.303974270820617676e+00
-2.499508142471313477e+00,2.197977542877197266e+00
4.771371364593505859e+00,-1.274540662765502930e+00
4.708163738250732422e+00,-1.328408241271972656e+00
-2.756991386413574219e+00,2.380265951156616211e+00
-2.744759082794189453e+00,2.379438400268554688e+00
-1.848058342933654785e+00,1.945111393928527832e+00
-2.455388069152832031e+00,-2.133560180664062500e+00
-2.216015577316284180e+00,2.164075374603271484e+00
-2.509484767913818359e+00,2.014273643493652344e+00
4.949658393859863281e+00,-1.288734912872314453e+00
4.936536312103271484e+00,-1.207218050956726074e+00
5.132688999176025391e+00,1.378529071807861328e+00
4.646551609039306641e+00,1.328510999679565430e+00
-2.486077070236206055e+00,2.234805107116699219e+00
4.824820518493652344e+00,-1.303621053695678711e+00
4.745317459106445312e+00,-1.278151988983154297e+00
-2.277553081512451172e+00,-2.153742313385009766e+00
-2.598273992538452148e+00,2.347702264785766602e+00
-2.505288839340209961e+00,-2.352370023727416992e+00
-2.668981790542602539e+00,2.273275136947631836e+00
-2.508694171905517578e+00,-2.321757555007934570e+00
-2.365438699722290039e+00,2.230901956558227539e+00
-2.644931793212890625e+00,-2.351031541824340820e+00
-2.061795234680175781e+00,1.840169429779052734e+00
4.955614089965820312e+00,-1.204710721969604492e+00
4.940323829650878906e+00,-1.302158594131469727e+00
4.780009269714355469e+00,1.292535543441772461e+00
-1.371093034744262695e+00,1.642059564590454102e+00
-2.061732292175292969e+00,2.027120113372802734e+00
4.423882484436035156e+00,-1.085231781005859375e+00
-2.219169139862060547e+00,-2.124563694000244141e+00
-2.544310569763183594e+00,2.182923316955566406e+00
-2.376670598983764648e+00,2.087893962860107422e+00
-2.450352907180786133e+00,2.195934057235717773e+00
-2.590646266937255859e+00,2.249836444854736328e+00
-2.486162424087524414e+00,2.267253160476684570e+00
4.684163093566894531e+00,-1.190692901611328125e+00
4.332047939300537109e+00,1.181812524795532227e+00
4.665081977844238281e+00,-1.127891898155212402e+00
4.628855705261230469e+00,1.221765160560607910e+00
4.652914524078369141e+00,-1.184178352355957031e+00
4.741546630859375000e+00,-1.258271336555480957e+00
4.145309448242187500e+00,1.098675012588500977e+00
4.636208534240722656e+00,-1.181359171867370605e+00
-1.803250908851623535e+00,1.904459714889526367e+00
-2.538789749145507812e+00,2.306776523590087891e+00
4.365505218505859375e+00,1.200442314147949219e+00
-2.197018861770629883e+00,-1.975094199180603027e+00
-2.495122432708740234e+00,2.198505640029907227e+00
-2.228034496307373047e+00,-2.049132108688354492e+00
4.721947669982910156e+00,1.270137667655944824e+00
-2.106597423553466797e+00,2.061391830444335938e+00
-1.933756589889526367e+00,2.000580549240112305e+00
4.851999282836914062e+00,-1.199954748153686523e+00
-2.532738685607910156e+00,-2.245564460754394531e+00
4.736661434173583984e+00,-1.175729870796203613e+00
-2.292659282684326172e+00,-2.085634469985961914e+00
-2.589333295822143555e+00,-2.310971260070800781e+00
4.626038074493408203e+00,1.238877892494201660e+00
-2.340236902236938477e+00,2.062593221664428711e+00
4.239405632019042969e+00,-1.095279693603515625e+00
4.277003288269042969e+00,-1.117664217948913574e+00
-2.046042919158935547e+00,-1.517788767814636230e+00
4.518485546112060547e+00,-1.172685146331787109e+00
4.893079280853271484e+00,-1.176756978034973145e+00
-2.248298883438110352e+00,1.879941344261169434e+00
-2.212567329406738281e+00,-2.105734825134277344e+00
-7.794321775436401367e-01,-9.552336931228637695e-01
-2.513411760330200195e+00,2.221127748489379883e+00
-2.302925586700439453e+00,-2.055935859680175781e+00
-2.416365146636962891e+00,-2.200454950332641602e+00
-2.458513259887695312e+00,-2.236613273620605469e+00
5.062030792236328125e+00,-1.264807224273681641e+00
4.932581424713134766e+00,1.356123208999633789e+00
-2.615977764129638672e+00,2.321759223937988281e+00
-2.673810482025146484e+00,-2.364400386810302734e+00
-2.638442993164062500e+00,2.312446355819702148e+00
5.403439998626708984e+00,-1.091195225715637207e+00
4.824940204620361328e+00,1.363669037818908691e+00
-2.559844255447387695e+00,-2.281197071075439453e+00
-2.019492626190185547e+00,1.751651763916015625e+00
-2.039458274841308594e+00,2.016561031341552734e+00
-2.285100698471069336e+00,-2.078390598297119141e+00
4.605323791503906250e+00,1.237046837806701660e+00
4.890006065368652344e+00,-1.227297782897949219e+00
4.860769271850585938e+00,-1.261846423149108887e+00
-2.366434097290039062e+00,2.166370868682861328e+00
-2.005547046661376953e+00,-1.923666238784790039e+00
4.791885852813720703e+00,1.312724709510803223e+00
4.698143959045410156e+00,-1.240756034851074219e+00
-2.508486032485961914e+00,-2.339499950408935547e+00
-2.578743457794189453e+00,2.333133220672607422e+00
5.024968624114990234e+00,-1.299136877059936523e+00
-2.416916847229003906e+00,2.103266716003417969e+00
-2.269065141677856445e+00,-2.103481292724609375e+00
4.922311305999755859e+00,-1.320330739021301270e+00
-2.258499383926391602e+00,-2.112142086029052734e+00
4.721383094787597656e+00,1.292565345764160156e+00
4.725637435913085938e+00,1.350489616394042969e+00
4.978774547576904297e+00,-1.295180916786193848e+00
-2.136509656906127930e+00,-1.994539141654968262e+00
-2.226536512374877930e+00,2.087747097015380859e+00
-2.621849298477172852e+00,2.294133901596069336e+00
-2.277525663375854492e+00,-2.230080366134643555e+00
4.918375968933105469e+00,1.392725706100463867e+00
5.067804813385009766e+00,-1.252843976020812988e+00
-2.576213598251342773e+00,2.251119852066040039e+00
-2.356676101684570312e+00,2.231914997100830078e+00
4.992970466613769531e+00,1.403038382530212402e+00
-2.577459096908569336e+00,-2.355155467987060547e+00
4.868876457214355469e+00,-1.316441774368286133e+00
4.943243980407714844e+00,1.368725299835205078e+00
4.928020477294921875e+00,1.420413017272949219e+00
4.831359386444091797e+00,1.422943592071533203e+00
-2.570521354675292969e+00,2.310442686080932617e+00
5.125858306884765625e+00,1.326693654060363770e+00
-1.875118017196655273e+00,-1.855884552001953125e+00
-2.336839675903320312e+00,2.101091861724853516e+00
-2.605500459671020508e+00,2.332614421844482422e+00
-2.231828927993774414e+00,-1.985974550247192383e+00
-2.484039306640625000e+00,-2.270962715148925781e+00
-2.439023494720458984e+00,2.150028467178344727e+00
-2.425404071807861328e+00,2.173052072525024414e+00
4.721266746520996094e+00,-1.274118304252624512e+00
-2.299197435379028320e+00,-2.143886804580688477e+00
-2.443883419036865234e+00,2.238606929779052734e+00
3.437986373901367188e+00,8.077026605606079102e-01
5.046786308288574219e+00,-1.156148195266723633e+00
-2.411468982696533203e+00,2.174909353256225586e+00
-2.556174993515014648e+00,-2.263294458389282227e+00
-2.403337240219116211e+00,2.189483642578125000e+00
-2.528143644332885742e+00,-2.249483108520507812e+00
-1.841778039932250977e+00,-1.852453231811523438e+00
4.814364433288574219e+00,1.281797647476196289e+00
-2.445589780807495117e+00,-2.232160806655883789e+00
4.807861804962158203e+00,1.377451300621032715e+00
-2.229255676269531250e+00,-2.076024532318115234e+00
-2.286175727844238281e+00,2.144168615341186523e+00
-2.259442090988159180e+00,-1.909778952598571777e+00
-2.631523609161376953e+00,2.354831695556640625e+00
4.990386962890625000e+00,1.259226918220520020e+00
-2.462260961532592773e+00,-2.225488185882568359e+00
-2.628795146942138672e+00,-2.329062223434448242e+00
-2.376065731048583984e+00,-2.216795444488525391e+00
-2.349267959594726562e+00,-2.116568803787231445e+00
-2.249586105346679688e+00,-2.182276010513305664e+00
-2.216509580612182617e+00,-2.103811979293823242e+00
2.720465421676635742e+00,-3.612723052501678467e-01
-2.019521474838256836e+00,2.079840183258056641e+00
-2.064600944519042969e+00,2.002239227294921875e+00
4.642722606658935547e+00,1.315114021301269531e+00
4.586034297943115234e+00,-1.226298332214355469e+00
-2.255795478820800781e+00,-1.992758274078369141e+00
4.793495655059814453e+00,1.424722552299499512e+00
4.693174839019775391e+00,1.285363435745239258e+00
4.788491725921630859e+00,-1.223998308181762695e+00
4.846757888793945312e+00,1.279188871383666992e+00
-2.596821308135986328e+00,2.297315359115600586e+00
4.495929718017578125e+00,-1.096311092376708984e+00
-2.188986778259277344e+00,2.083573818206787109e+00
4.730758666992187500e+00,1.320131182670593262e+00
5.056818008422851562e+00,1.355663776397705078e+00
-2.289550781250000000e+00,-2.122745990753173828e+00
-2.388319492340087891e+00,2.129430294036865234e+00
-2.379482030868530273e+00,-2.218290328979492188e+00
2.657085895538330078e+00,5.355530977249145508e-01
-2.622086524963378906e+00,2.354016542434692383e+00
-2.710452079772949219e+00,-2.439160585403442383e+00
4.933054447174072266e+00,1.382658720016479492e+00
-2.613337516784667969e+00,-2.311205625534057617e+00
4.932221412658691406e+00,1.349663496017456055e+00
-2.068484306335449219e+00,1.972465276718139648e+00
-2.295658588409423828e+00,2.128736257553100586e+00
-2.424000978469848633e+00,2.214575767517089844e+00
-2.564806222915649414e+00,-2.289586305618286133e+00
4.663335800170898438e+00,-1.292865633964538574e+00
-2.380790710449218750e+00,-2.142979383468627930e+00
-2.664339065551757812e+00,-2.392280340194702148e+00
4.850212574005126953e+00,-1.175760507583618164e+00
-2.483391046524047852e+00,2.328454017639160156e+00
-1.766143321990966797e+00,-1.790427207946777344e+00
4.749012947082519531e+00,1.343777656555175781e+00
-2.018789768218994141e+00,-1.824478387832641602e+00
5.067219257354736328e+00,-1.312646031379699707e+00
-2.435654163360595703e+00,2.194176673889160156e+00
-2.382225990295410156e+00,2.147812128067016602e+00
-2.399888992309570312e+00,2.128058910369873047e+00
4.753640174865722656e+00,1.301293849945068359e+00
-2.308663129806518555e+00,2.158543348312377930e+00
-2.437864780426025391e+00,-2.282085418701171875e+00
5.032523632049560547e+00,-1.340498685836791992e+00
-2.627425909042358398e+00,-2.324072837829589844e+00
-1.982562780380249023e+00,-1.935122132301330566e+00
5.096008300781250000e+00,-1.327979087829589844e+00
-2.319594860076904297e+00,2.220705270767211914e+00
-1.970110058784484863e+00,-1.917121767997741699e+00
-2.591788291931152344e+00,2.329423189163208008e+00
4.792898654937744141e+00,-1.286527633666992188e+00
5.026802062988281250e+00,-1.355071783065795898e+00
-2.493713855743408203e+00,-2.180134534835815430e+00
-2.520856380462646484e+00,2.355758666992187500e+00
5.040844917297363281e+00,-1.148368000984191895e+00
-2.306788682937622070e+00,2.162301063537597656e+00
-2.623512029647827148e+00,-2.296903133392333984e+00
-2.423810482025146484e+00,-2.125377893447875977e+00
-2.455105781555175781e+00,1.983544826507568359e+00
5.031572818756103516e+00,1.221152186393737793e+00
-2.098293781280517578e+00,-2.013180494308471680e+00
-1.936261415481567383e+00,-2.023179292678833008e+00
5.069570064544677734e+00,1.376152276992797852e+00
-2.741497278213500977e+00,2.332138299942016602e+00
5.074068546295166016e+00,-1.242255687713623047e+00
-2.247579097747802734e+00,2.092524528503417969e+00
-2.647263526916503906e+00,-2.253511428833007812e+00
4.864910602569580078e+00,1.398255586624145508e+00
4.814610958099365234e+00,1.353113651275634766e+00
-2.345910310745239258e+00,-2.129767894744873047e+00
-2.359084129333496094e+00,-2.063753604888916016e+00
-2.393579721450805664e+00,-2.081984996795654297e+00
-2.590764284133911133e+00,-2.256383180618286133e+00
-2.602730989456176758e+00,2.351479291915893555e+00
-2.542303562164306641e+00,2.228655815124511719e+00
-2.668047904968261719e+00,-2.378843307495117188e+00
5.242467403411865234e+00,-1.078390836715698242e+00
-2.524043798446655273e+00,2.294510602951049805e+00
4.635397911071777344e+00,1.259478449821472168e+00
5.080052852630615234e+00,-1.279446244239807129e+00
4.787257671356201172e+00,1.361085653305053711e+00
4.730602741241455078e+00,-1.235362529754638672e+00
4.996191024780273438e+00,-1.190324068069458008e+00
5.046631813049316406e+00,1.221096515655517578e+00
-2.586227178573608398e+00,-2.363570213317871094e+00
5.023439884185791016e+00,1.362548947334289551e+00
-2.399698734283447266e+00,-2.245792150497436523e+00
-1.864301085472106934e+00,-1.744318366050720215e+00
-2.491121768951416016e+00,2.240185499191284180e+00
4.773988246917724609e+00,-1.341167688369750977e+00
-2.067612648010253906e+00,-1.965526938438415527e+00
-2.213062286376953125e+00,2.108993291854858398e+00
4.775638103485107422e+00,-1.362473726272583008e+00
-2.413225650787353516e+00,2.085875511169433594e+00
-2.601291656494140625e+00,-2.292056798934936523e+00
5.188367366790771484e+00,1.262025237083435059e+00
4.683359146118164062e+00,1.336588382720947266e+00
-2.322093725204467773e+00,-2.089806795120239258e+00
-2.327824831008911133e+00,-2.057578563690185547e+00
-2.759903192520141602e+00,2.368569374084472656e+00
-2.480890750885009766e+00,2.236805915832519531e+00
-2.574099063873291016e+00,-2.296651840209960938e+00
4.329791069030761719e+00,-1.094388842582702637e+00
-2.576915025711059570e+00,-2.289950609207153320e+00
-2.283011198043823242e+00,-1.983852148056030273e+00
-2.386171102523803711e+00,-2.165141820907592773e+00
4.546704769134521484e+00,1.279674410820007324e+00
-2.417482376098632812e+00,-2.236480236053466797e+00
-2.612665176391601562e+00,-2.324281930923461914e+00
-1.558258056640625000e+00,1.928187131881713867e+00
5.087051391601562500e+00,-1.045002937316894531e+00
4.632328033447265625e+00,-1.178936600685119629e+00
4.839771747589111328e+00,-1.195577979087829590e+00
-2.422428846359252930e+00,-2.073085069656372070e+00
4.839831352233886719e+00,-1.278019189834594727e+00
4.746781349182128906e+00,-1.274302721023559570e+00
-2.392876148223876953e+00,-2.209811925888061523e+00
2.341886281967163086e+00,4.059324264526367188e-01
3.913252830505371094e+00,1.041979670524597168e+00
-2.135998249053955078e+00,-2.091933727264404297e+00
-2.569360256195068359e+00,-2.319409847259521484e+00
-1.499953150749206543e+00,-1.550555825233459473e+00
-2.214163064956665039e+00,2.005188465118408203e+00
-2.109244585037231445e+00,-1.932425856590270996e+00
-2.358449935913085938e+00,2.258768081665039062e+00
4.857315063476562500e+00,1.374773740768432617e+00
2.109280109405517578e+00,2.126317620277404785e-01
4.667723655700683594e+00,-1.256600141525268555e+00
4.501551151275634766e+00,-1.189543724060058594e+00
-2.152479887008666992e+00,2.038025856018066406e+00
2.069261550903320312e+00,-5.752434581518173218e-02
4.395254135131835938e+00,-9.577424526214599609e-01
-2.501824617385864258e+00,-2.148514747619628906e+00
-2.525869369506835938e+00,-2.218744039535522461e+00
-2.760716438293457031e+00,-2.445790529251098633e+00
-2.212638616561889648e+00,-2.086883544921875000e+00
-2.578605890274047852e+00,-2.283642292022705078e+00
-2.218396663665771484e+00,-2.028984546661376953e+00
-2.346677064895629883e+00,-2.116330862045288086e+00
4.969834804534912109e+00,-1.289611577987670898e+00
4.829827785491943359e+00,1.334288239479064941e+00
-1.920243740081787109e+00,-1.856003642082214355e+00
4.533262729644775391e+00,-1.185653209686279297e+00
-2.415030241012573242e+00,-2.245160579681396484e+00
-2.679866790771484375e+00,2.398796319961547852e+00
-2.735756635665893555e+00,2.321964502334594727e+00
-1.741654396057128906e+00,-1.914011716842651367e+00
-2.694152832031250000e+00,-2.441077947616577148e+00
-2.653709411621093750e+00,-2.293442726135253906e+00
-1.936693787574768066e+00,-2.043188571929931641e+00
-2.214093685150146484e+00,-2.121395826339721680e+00
4.732215404510498047e+00,1.379861354827880859e+00
-2.566006422042846680e+00,2.215424299240112305e+00
4.991749763488769531e+00,-1.267194271087646484e+00
4.899569034576416016e+00,1.405621051788330078e+00
-2.085003614425659180e+00,2.016291141510009766e+00
-2.291313171386718750e+00,2.071381092071533203e+00
5.076262950897216797e+00,-1.278219461441040039e+00
4.858739852905273438e+00,-1.098260521888732910e+00
-2.228209972381591797e+00,-2.086809396743774414e+00
-2.296616077423095703e+00,-2.168139934539794922e+00
-2.662714004516601562e+00,-2.326133966445922852e+00
4.874273777008056641e+00,-1.171884536743164062e+00
-2.261338949203491211e+00,2.091591835021972656e+00
4.769905567169189453e+00,1.376882433891296387e+00
-2.701378107070922852e+00,2.265817165374755859e+00
4.877787590026855469e+00,-1.276489496231079102e+00
-2.353273630142211914e+00,2.189673662185668945e+00
-1.924610614776611328e+00,-1.945131063461303711e+00
-2.155559301376342773e+00,2.000869035720825195e+00
-2.363810062408447266e+00,2.143181562423706055e+00
4.700100898742675781e+00,-1.232363581657409668e+00
-2.616235256195068359e+00,-2.327963829040527344e+00
-2.487802267074584961e+00,-2.241473197937011719e+00
-2.312286615371704102e+00,2.201884031295776367e+00
3.470802307128906250e+00,7.494071722030639648e-01
4.738708019256591797e+00,1.231603503227233887e+00
-2.572864532470703125e+00,-2.322056055068969727e+00
-2.001930236816406250e+00,1.814424037933349609e+00
-2.147455692291259766e+00,-2.059296131134033203e+00
4.785905838012695312e+00,1.363139986991882324e+00
-2.545339107513427734e+00,2.176880836486816406e+00
4.845454692840576172e+00,-1.132784485816955566e+00
-2.509670972824096680e+00,2.328727722167968750e+00
4.970073223114013672e+00,-1.343796253204345703e+00
-2.508658647537231445e+00,-2.087877035140991211e+00
-2.479618549346923828e+00,-2.322914838790893555e+00
-2.675748586654663086e+00,2.337976694107055664e+00
-1.931413054466247559e+00,1.948669433593750000e+00
-2.251406669616699219e+00,-2.038977384567260742e+00
4.900400161743164062e+00,1.328974723815917969e+00
-2.242730855941772461e+00,-2.021072626113891602e+00
5.043903827667236328e+00,1.374000668525695801e+00
4.837082862854003906e+00,-1.151171803474426270e+00
4.765684604644775391e+00,-9.243221282958984375e-01
4.944933891296386719e+00,1.280183911323547363e+00
4.747336864471435547e+00,1.360726952552795410e+00
-2.290591001510620117e+00,2.085111618041992188e+00
2.172014236450195312e+00,-1.662020832300186157e-01
-2.727418184280395508e+00,-2.393557310104370117e+00
5.169215202331542969e+00,-1.133633613586425781e+00
4.567796230316162109e+00,-1.231951236724853516e+00
-2.469706773757934570e+00,2.157170772552490234e+00
4.678518772125244141e+00,-1.086102485656738281e+00
2.613555192947387695e+00,5.218454003334045410e-01
-2.677906990051269531e+00,2.402199268341064453e+00
4.736776828765869141e+00,1.331387758255004883e+00
-2.657197952270507812e+00,2.400849342346191406e+00
-2.467767477035522461e+00,-2.297428131103515625e+00
-2.219745397567749023e+00,-2.106289863586425781e+00
-2.586259841918945312e+00,2.337045907974243164e+00
5.155157089233398438e+00,-1.198605298995971680e+00
-1.110263943672180176e+00,1.724356532096862793e+00
-2.127526283264160156e+00,2.051290988922119141e+00
-2.693877458572387695e+00,2.387367725372314453e+00
-2.463569641113281250e+00,2.273015975952148438e+00
-2.625292301177978516e+00,2.368678331375122070e+00
-2.624562978744506836e+00,2.411569595336914062e+00
4.949973583221435547e+00,1.467951059341430664e+00
-1.810688495635986328e+00,1.808411121368408203e+00
-1.219787478446960449e+00,1.803701162338256836e+00
-2.066775083541870117e+00,-1.966298460960388184e+00
-2.266262769699096680e+00,2.038091421127319336e+00
-2.435891389846801758e+00,-2.200736999511718750e+00
4.902641296386718750e+00,1.248155593872070312e+00
4.887897968292236328e+00,-1.327154517173767090e+00
-2.466121196746826172e+00,2.260494709014892578e+00
-2.619541645050048828e+00,2.329691171646118164e+00
-2.185023784637451172e+00,-2.163025617599487305e+00
-2.280390739440917969e+00,-2.080463409423828125e+00
-1.828978776931762695e+00,1.908398389816284180e+00
4.558605670928955078e+00,1.277656078338623047e+00
-2.333179235458374023e+00,-2.043662786483764648e+00
-2.480339765548706055e+00,-2.223331928253173828e+00
-2.142849683761596680e+00,-1.967986822128295898e+00
4.952920436859130859e+00,1.414220333099365234e+00
-2.172094345092773438e+00,2.137438535690307617e+00
-2.679532051086425781e+00,-2.386050462722778320e+00
5.041944503784179688e+00,-1.257773041725158691e+00
-2.611966371536254883e+00,2.259176254272460938e+00
4.894319534301757812e+00,-1.317380905151367188e+00
-2.177194118499755859e+00,2.206879377365112305e+00
-1.683149695396423340e+00,-1.847899317741394043e+00
-2.637629985809326172e+00,-2.343158006668090820e+00
-2.581047534942626953e+00,-2.381673574447631836e+00
-2.645961761474609375e+00,-2.377492189407348633e+00
-2.551296710968017578e+00,2.240215778350830078e+00
4.839670181274414062e+00,1.402808547019958496e+00
-2.669560194015502930e+00,2.331988096237182617e+00
4.547033309936523438e+00,1.344069600105285645e+00
-2.215087652206420898e+00,-2.078489780426025391e+00
-2.627456188201904297e+00,2.170496225357055664e+00
-2.515624761581420898e+00,2.319938182830810547e+00
-2.402299165725708008e+00,-2.151693820953369141e+00
4.769862174987792969e+00,-1.167164564132690430e+00
-2.425847291946411133e+00,2.274592876434326172e+00
2.685134887695312500e+00,5.312359333038330078e-01
-2.482406139373779297e+00,-2.319107532501220703e+00
-2.667653083801269531e+00,2.351709127426147461e+00
-2.358642578125000000e+00,-2.199823856353759766e+00
-2.468948364257812500e+00,2.236849308013916016e+00
-2.632225751876831055e+00,-2.393571376800537109e+00
4.343649864196777344e+00,1.046656012535095215e+00
4.672426223754882812e+00,-1.235846877098083496e+00
-2.588547706604003906e+00,2.301403760910034180e+00
-2.360089302062988281e+00,-2.168963432312011719e+00
-2.719624280929565430e+00,2.311175107955932617e+00
-2.390927314758300781e+00,-2.206316232681274414e+00
-7.320560216903686523e-01,-1.081649303436279297e+00
-2.486220359802246094e+00,-2.293489933013916016e+00
-2.708688020706176758e+00,-2.330256700515747070e+00
-2.586308956146240234e+00,-2.159527778625488281e+00
-2.159345388412475586e+00,-2.034867525100708008e+00
-2.420343875885009766e+00,2.153404712677001953e+00
-2.723525762557983398e+00,2.343553066253662109e+00
5.022702217102050781e+00,1.334475278854370117e+00
4.800749778747558594e+00,-1.304449796676635742e+00
-2.396945238113403320e+00,-2.234336614608764648e+00
-1.969093203544616699e+00,-1.745535612106323242e+00
4.902648925781250000e+00,-1.211020112037658691e+00
-1.964717149734497070e+00,1.819314956665039062e+00
-2.465952634811401367e+00,-2.252417802810668945e+00
-2.456038236618041992e+00,2.239511013031005859e+00
4.937813758850097656e+00,-1.144699335098266602e+00
-2.406777620315551758e+00,-2.202964067459106445e+00
-2.707402706146240234e+00,2.450849533081054688e+00
-2.482129335403442383e+00,-2.231103658676147461e+00
4.707459449768066406e+00,-1.163293480873107910e+00
-2.280691623687744141e+00,-2.042081356048583984e+00
-2.710319280624389648e+00,2.381537437438964844e+00
-2.496679067611694336e+00,2.194795370101928711e+00
-2.683028697967529297e+00,-2.208251714706420898e+00
-2.731327533721923828e+00,2.364600181579589844e+00
4.826839447021484375e+00,1.358254194259643555e+00
4.489685058593750000e+00,-1.224740028381347656e+00
-2.487198591232299805e+00,-2.171530008316040039e+00
-2.390198469161987305e+00,2.088519811630249023e+00
-2.166468620300292969e+00,-2.019587755203247070e+00
-2.642655372619628906e+00,2.211649179458618164e+00
-2.364726781845092773e+00,2.124087333679199219e+00
-2.558331727981567383e+00,2.271255493164062500e+00
4.312417984008789062e+00,1.097416639328002930e+00
4.702939033508300781e+00,-1.250916123390197754e+00
4.531418800354003906e+00,1.275642752647399902e+00
4.713533878326416016e+00,1.355707883834838867e+00
-2.188421726226806641e+00,2.151306629180908203e+00
-2.472081184387207031e+00,-2.166063308715820312e+00
4.840162277221679688e+00,1.224012970924377441e+00
-2.674055337905883789e+00,-2.298445701599121094e+00
-1.812771320343017578e+00,-1.769703626632690430e+00
-2.544091701507568359e+00,2.294767856597900391e+00
5.000107765197753906e+00,-1.307255864143371582e+00
-1.730471372604370117e+00,1.969217777252197266e+00
5.133614540100097656e+00,-1.149550080299377441e+00
-2.605843782424926758e+00,-2.216353893280029297e+00
5.007153511047363281e+00,-1.163800120353698730e+00
-2.331464290618896484e+00,2.152164936065673828e+00
-2.480699300765991211e+00,-2.244246721267700195e+00
-2.239821910858154297e+00,2.196189641952514648e+00
-2.279550790786743164e+00,2.035532712936401367e+00
5.061685085296630859e+00,-1.337339639663696289e+00
-2.464704513549804688e+00,-2.233833312988281250e+00
4.774099826812744141e+00,1.371741652488708496e+00
-2.300711870193481445e+00,1.960729122161865234e+00
4.718953132629394531e+00,-1.303386926651000977e+00
-2.505416154861450195e+00,-2.344233989715576172e+00
4.739645004272460938e+00,1.348611235618591309e+00
-2.423574686050415039e+00,-2.276483774185180664e+00
-2.545768976211547852e+00,-2.241508960723876953e+00
-2.566255331039428711e+00,-2.227459430694580078e+00
4.963444709777832031e+00,-1.272463202476501465e+00
4.786340713500976562e+00,1.396212339401245117e+00
-2.377918958663940430e+00,2.188861846923828125e+00
-1.993525505065917969e+00,-1.857138037681579590e+00
4.753832817077636719e+00,1.358862996101379395e+00
-2.557723522186279297e+00,-2.277282714843750000e+00
-1.603902578353881836e+00,1.891473412513732910e+00
5.612839698791503906e+00,-1.118033453822135925e-01
4.940429687500000000e+00,-1.227327942848205566e+00
4.981591701507568359e+00,1.348914027214050293e+00
-1.963392972946166992e+00,1.948180794715881348e+00
4.864404678344726562e+00,1.460742831230163574e+00
-1.911585330963134766e+00,-1.926063060760498047e+00
-2.457605123519897461e+00,2.230465412139892578e+00
-2.647201061248779297e+00,2.343554496765136719e+00
-2.371642827987670898e+00,-2.158983945846557617e+00
-2.257871866226196289e+00,-2.112343788146972656e+00
-2.490289926528930664e+00,2.179392576217651367e+00
-2.613626480102539062e+00,-2.321558713912963867e+00
-2.667462825775146484e+00,2.368560791015625000e+00
-2.704506158828735352e+00,2.412075996398925781e+00
-2.518684625625610352e+00,-2.229661464691162109e+00
4.806456089019775391e+00,1.290614008903503418e+00
-2.311876535415649414e+00,-2.003247261047363281e+00
4.515212059020996094e+00,-1.180615425109863281e+00
-2.351849794387817383e+00,-2.235777139663696289e+00
-2.191649436950683594e+00,2.045879840850830078e+00
-2.388829708099365234e+00,2.152923345565795898e+00
-2.516283035278320312e+00,-2.288828849792480469e+00
-2.473949432373046875e+00,2.294333934783935547e+00
-2.506749868392944336e+00,-2.133824348449707031e+00
-2.673718214035034180e+00,2.295266628265380859e+00
-2.509802818298339844e+00,2.246099948883056641e+00
-2.599862337112426758e+00,-2.201428651809692383e+00
-2.743263006210327148e+00,-2.374212980270385742e+00
4.793516159057617188e+00,-1.292034387588500977e+00
-2.695021867752075195e+00,2.276786088943481445e+00
4.930141448974609375e+00,1.382712125778198242e+00
-2.358826160430908203e+00,-2.155291080474853516e+00
-1.518730640411376953e+00,-1.526766419410705566e+00
4.750793933868408203e+00,1.381538391113281250e+00
4.667785644531250000e+00,-1.110339999198913574e+00
-2.641588211059570312e+00,-2.266118526458740234e+00
-2.412501573562622070e+00,2.241283655166625977e+00
-2.324510574340820312e+00,-2.116729259490966797e+00
-2.477173089981079102e+00,2.263973236083984375e+00
5.020497798919677734e+00,-1.289705157279968262e+00
4.668205261230468750e+00,1.384632706642150879e+00
-2.583376169204711914e+00,2.298010349273681641e+00
5.063628673553466797e+00,-1.150775432586669922e+00
-2.713424205780029297e+00,2.408704042434692383e+00
-2.289799451828002930e+00,-2.023283720016479492e+00
-2.640465021133422852e+00,-2.290956020355224609e+00
-2.472604751586914062e+00,2.188339948654174805e+00
-2.271788835525512695e+00,2.075110673904418945e+00
3.803462982177734375e+00,8.761600255966186523e-01
5.077812194824218750e+00,-1.268800735473632812e+00
5.216907501220703125e+00,-1.211889505386352539e+00
-2.457601308822631836e+00,-2.217059612274169922e+00
4.923730850219726562e+00,-1.252115607261657715e+00
4.644292354583740234e+00,-1.033239364624023438e+00
-2.374961853027343750e+00,-2.158021450042724609e+00
4.829228401184082031e+00,1.360827684402465820e+00
4.666160583496093750e+00,1.328290700912475586e+00
-2.567627191543579102e+00,2.176514148712158203e+00
-2.667158126831054688e+00,2.387907981872558594e+00
-2.234989404678344727e+00,-2.038728713989257812e+00
-1.911307573318481445e+00,2.002621889114379883e+00
4.612087249755859375e+00,-1.264427423477172852e+00
-2.456712007522583008e+00,2.221642732620239258e+00
-2.417880296707153320e+00,2.137727260589599609e+00
4.756138324737548828e+00,-1.282845377922058105e+00
-1.455667495727539062e+00,1.604811429977416992e+00
5.087806224822998047e+00,1.288410782814025879e+00
-2.701802730560302734e+00,2.289575338363647461e+00
-1.955255508422851562e+00,-1.964306592941284180e+00
-2.502070903778076172e+00,-2.268569469451904297e+00
-2.593979358673095703e+00,-2.316207647323608398e+00
-2.229094982147216797e+00,2.045036315917968750e+00
4.951377391815185547e+00,1.280171871185302734e+00
4.573039054870605469e+00,-1.220812797546386719e+00
-2.294739246368408203e+00,2.059903383255004883e+00
-2.457513570785522461e+00,-2.264512062072753906e+00
-2.599067687988281250e+00,2.293236255645751953e+00
-2.538944244384765625e+00,2.296083211898803711e+00
4.943317890167236328e+00,-1.279278159141540527e+00
-2.532175779342651367e+00,2.334596395492553711e+00
-2.341208934783935547e+00,2.183899164199829102e+00
-2.566785812377929688e+00,2.231237888336181641e+00
5.143323421478271484e+00,-1.277109861373901367e+00
4.839984416961669922e+00,1.299102663993835449e+00
-1.976728916168212891e+00,1.974983572959899902e+00
-2.516687870025634766e+00,-2.251715898513793945e+00
-2.198548793792724609e+00,2.178384065628051758e+00
-2.282484531402587891e+00,1.953942775726318359e+00
-2.091717481613159180e+00,2.038155555725097656e+00
4.239259719848632812e+00,-1.013589620590209961e+00
-2.300122499465942383e+00,2.250885486602783203e+00
-2.573323488235473633e+00,2.174311876296997070e+00
-2.597085237503051758e+00,-2.202791690826416016e+00
4.595311164855957031e+00,1.260758996009826660e+00
-2.549262046813964844e+00,-2.258888006210327148e+00
-1.378845810890197754e+00,1.643466949462890625e+00
-2.595068454742431641e+00,-2.336570501327514648e+00
-1.738023877143859863e+00,-1.793340563774108887e+00
-2.591552495956420898e+00,-2.289568185806274414e+00
-2.325461626052856445e+00,2.242681741714477539e+00
-2.573310136795043945e+00,2.291102170944213867e+00
4.982173919677734375e+00,1.387958645820617676e+00
-2.662600517272949219e+00,2.393844604492187500e+00
4.890391349792480469e+00,1.347017765045166016e+00
3.004445552825927734e+00,7.114541530609130859e-01
-2.478007793426513672e+00,-2.285073280334472656e+00
4.584286689758300781e+00,1.279035210609436035e+00
-9.708326458930969238e-01,1.457228899002075195e+00
4.897097110748291016e+00,1.261961221694946289e+00
-1.146269798278808594e+00,-1.654437422752380371e+00
4.760152816772460938e+00,1.393742084503173828e+00
-2.149310350418090820e+00,2.129716634750366211e+00
4.942303180694580078e+00,1.411447286605834961e+00
-2.516310453414916992e+00,2.237024784088134766e+00
4.730421543121337891e+00,1.276502490043640137e+00
-2.511177778244018555e+00,2.333600044250488281e+00
-2.621505498886108398e+00,2.339265584945678711e+00
-2.368211507797241211e+00,-2.172594547271728516e+00
-1.546261548995971680e+00,1.731126427650451660e+00
-2.655510663986206055e+00,-2.386803865432739258e+00
-2.600069999694824219e+00,-2.270923852920532227e+00
-1.528168916702270508e+00,1.875994801521301270e+00
-1.845778942108154297e+00,1.802027940750122070e+00
-2.057369470596313477e+00,2.016941070556640625e+00
-2.583662033081054688e+00,-2.331007957458496094e+00
4.744097709655761719e+00,1.324107766151428223e+00
-2.474269628524780273e+00,2.157679319381713867e+00
-2.583446741104125977e+00,2.325598955154418945e+00
2.452562093734741211e+00,-2.011796236038208008e-01
4.465414047241210938e+00,1.195708036422729492e+00
-2.209739208221435547e+00,-2.094807624816894531e+00
-2.036854982376098633e+00,2.084116935729980469e+00
-2.432008028030395508e+00,2.207697391510009766e+00
-2.389483928680419922e+00,2.156867504119873047e+00
4.724225997924804688e+00,1.187996149063110352e+00
-2.326972246170043945e+00,2.173458337783813477e+00
3.213658094406127930e+00,-4.982454776763916016e-01
4.808058738708496094e+00,-1.272299766540527344e+00
5.185303211212158203e+00,-1.166615128517150879e+00
-2.595272541046142578e+00,2.366418838500976562e+00
4.563929557800292969e+00,-1.151928067207336426e+00
-2.275202751159667969e+00,-2.210971117019653320e+00
4.688411712646484375e+00,-1.162037134170532227e+00
-2.348699569702148438e+00,2.164490938186645508e+00
4.949882984161376953e+00,1.267047286033630371e+00
-2.509440660476684570e+00,-2.323618650436401367e+00
-1.872053742408752441e+00,2.039191007614135742e+00
-2.723857879638671875e+00,-2.397709131240844727e+00
-2.358541965484619141e+00,2.298967123031616211e+00
-2.389091253280639648e+00,-2.072446823120117188e+00
-1.497554540634155273e+00,1.825813889503479004e+00
4.996276855468750000e+00,1.365675330162048340e+00
-2.686125278472900391e+00,2.394105434417724609e+00
-1.017879009246826172e+00,-1.263069272041320801e+00
-2.667146205902099609e+00,2.321779966354370117e+00
-2.639781236648559570e+00,-2.391949176788330078e+00
5.107629776000976562e+00,-1.228658318519592285e+00
4.896665096282958984e+00,-1.272295594215393066e+00
-2.132728576660156250e+00,-2.016506671905517578e+00
-2.665040969848632812e+00,-2.331182479858398438e+00
-2.261987924575805664e+00,2.213417291641235352e+00
-1.802550792694091797e+00,1.959842562675476074e+00
2.174070596694946289e+00,3.620252311229705811e-01
4.947462558746337891e+00,1.349979281425476074e+00
-2.621141433715820312e+00,-2.336784839630126953e+00
-2.599171400070190430e+00,-2.299676418304443359e+00
-1.948510885238647461e+00,2.046031951904296875e+00
4.648681163787841797e+00,1.345825552940368652e+00
-2.218524217605590820e+00,-2.062340497970581055e+00
4.509182453155517578e+00,-9.495009779930114746e-01
-2.184965372085571289e+00,-1.852063417434692383e+00
-2.528683423995971680e+00,-2.290552854537963867e+00
-2.229265689849853516e+00,2.101307868957519531e+00
-2.410411596298217773e+00,2.299646854400634766e+00
4.947991371154785156e+00,-1.294063329696655273e+00
-2.633109807968139648e+00,2.303548574447631836e+00
4.850727558135986328e+00,-1.307552218437194824e+00
4.181757926940917969e+00,1.075185060501098633e+00
4.790682792663574219e+00,1.380656719207763672e+00
4.857787132263183594e+00,1.331187844276428223e+00
6.119268417358398438e+00,-4.226636588573455811e-01
-2.425062417984008789e+00,2.182965278625488281e+00
-2.334990262985229492e+00,2.179649829864501953e+00
-1.337016940116882324e+00,1.646908760070800781e+00
-2.421294212341308594e+00,2.025024175643920898e+00
-1.740399837493896484e+00,-1.596575498580932617e+00
4.991576194763183594e+00,-1.257884383201599121e+00
-2.230638265609741211e+00,-2.067554235458374023e+00
-2.652533531188964844e+00,-2.372162342071533203e+00
4.989737987518310547e+00,1.340139627456665039e+00
-2.108078479766845703e+00,-2.034052371978759766e+00
5.154656887054443359e+00,-1.159644007682800293e+00
-2.423116922378540039e+00,2.293425559997558594e+00
4.814931869506835938e+00,-1.187459588050842285e+00
5.058421134948730469e+00,-1.345221996307373047e+00
-1.907954931259155273e+00,1.902871847152709961e+00
-2.413058757781982422e+00,-2.164235591888427734e+00
-2.459255933761596680e+00,-2.289284706115722656e+00
-2.235466718673706055e+00,2.111404418945312500e+00
-2.238915681838989258e+00,-2.152754068374633789e+00
-1.956099152565002441e+00,-1.703223943710327148e+00
4.654633522033691406e+00,-1.273159503936767578e+00
-2.575260400772094727e+00,-2.275328874588012695e+00
-1.674071788787841797e+00,1.955703258514404297e+00
-2.441439151763916016e+00,-2.230693340301513672e+00
5.127014636993408203e+00,-1.089321970939636230e+00
-2.554460048675537109e+00,2.357507705688476562e+00
-2.690377235412597656e+00,-2.323141336441040039e+00
-2.304011106491088867e+00,1.966639637947082520e+00
-1.975769996643066406e+00,1.919359445571899414e+00
-2.324475765228271484e+00,-2.240872859954833984e+00
-2.658990383148193359e+00,2.339733600616455078e+00
-2.457919120788574219e+00,-2.190416336059570312e+00
4.789202213287353516e+00,-1.233630180358886719e+00
4.537325382232666016e+00,-1.264031887054443359e+00
4.820376873016357422e+00,1.380437850952148438e+00
4.211491107940673828e+00,1.164471983909606934e+00
-2.650523662567138672e+00,2.346100568771362305e+00
-2.558458328247070312e+00,-2.300498962402343750e+00
-2.490876197814941406e+00,-2.227948904037475586e+00
4.931198120117187500e+00,-1.256821751594543457e+00
-1.721639037132263184e+00,-1.796980381011962891e+00
-1.913200020790100098e+00,-1.890444159507751465e+00
3.737870216369628906e+00,9.048482179641723633e-01
5.068425178527832031e+00,1.318324208259582520e+00
4.687845230102539062e+00,1.317445158958435059e+00
4.946797847747802734e+00,-1.248445510864257812e+00
-2.227365016937255859e+00,-2.109821557998657227e+00
-2.113260269165039062e+00,2.057724714279174805e+00
-2.502210140228271484e+00,-2.313082218170166016e+00
-2.044307231903076172e+00,-2.024842739105224609e+00
4.614558219909667969e+00,1.363868832588195801e+00
-1.872748613357543945e+00,-1.857052683830261230e+00
-2.110084295272827148e+00,1.900785446166992188e+00
-1.996013998985290527e+00,2.031509876251220703e+00
5.004756927490234375e+00,1.262421846389770508e+00
-2.458691120147705078e+00,-2.287377357482910156e+00
-2.270433902740478516e+00,-2.077976465225219727e+00
-2.052398443222045898e+00,2.011665105819702148e+00
-2.321400165557861328e+00,2.229799270629882812e+00
-1.392202496528625488e+00,-1.341382265090942383e+00
4.870715141296386719e+00,-1.289420843124389648e+00
-2.530913591384887695e+00,2.296070098876953125e+00
-2.543486118316650391e+00,2.288351535797119141e+00
-2.377357959747314453e+00,-2.131529569625854492e+00
-2.015811681747436523e+00,-1.941672205924987793e+00
-2.599839448928833008e+00,-2.434028148651123047e+00
4.745707035064697266e+00,-1.201242685317993164e+00
4.697672367095947266e+00,1.283050417900085449e+00
4.382612705230712891e+00,1.022584676742553711e+00
4.912110805511474609e+00,-1.247385501861572266e+00
-2.392328977584838867e+00,2.144460916519165039e+00
4.763218402862548828e+00,1.342269182205200195e+00
-2.100649356842041016e+00,-1.829624772071838379e+00
-2.322751760482788086e+00,-2.151613235473632812e+00
5.000456333160400391e+00,-1.349445819854736328e+00
-4.488404989242553711e-01,9.383983612060546875e-01
-2.692252635955810547e+00,-2.339020729064941406e+00
4.879509925842285156e+00,-1.284982919692993164e+00
4.842216491699218750e+00,1.330289483070373535e+00
2.801978588104248047e+00,7.205836772918701172e-01
4.753523826599121094e+00,1.323177814483642578e+00
-2.689477205276489258e+00,2.431358098983764648e+00
2.682541847229003906e+00,6.024768352508544922e-01
4.484108448028564453e+00,-1.257790684700012207e+00
4.355439186096191406e+00,-1.162434935569763184e+00
-1.414340615272521973e+00,-1.407465219497680664e+00
-1.731737852096557617e+00,1.775764703750610352e+00
-8.376314043998718262e-01,-1.262129545211791992e+00
-1.979850411415100098e+00,-2.021456718444824219e+00
-2.538904905319213867e+00,2.205691814422607422e+00
-2.657915592193603516e+00,-2.335440397262573242e+00
4.554275989532470703e+00,1.218060135841369629e+00
-2.007106781005859375e+00,-1.875308990478515625e+00
4.357070446014404297e+00,-1.108393669128417969e+00
-2.605422496795654297e+00,2.278585433959960938e+00
4.893777847290039062e+00,1.315121889114379883e+00
5.130851745605468750e+00,-1.239336490631103516e+00
2.280961036682128906e+00,-1.673593521118164062e-01
-2.649113178253173828e+00,-2.353275537490844727e+00
-2.260267257690429688e+00,-2.059133052825927734e+00
-2.662437677383422852e+00,-2.301939249038696289e+00
4.709826469421386719e+00,1.205455183982849121e+00
-2.000873088836669922e+00,-1.797186136245727539e+00
-2.201831579208374023e+00,-2.014091253280639648e+00
-2.457995653152465820e+00,2.289858341217041016e+00
4.982266902923583984e+00,-1.238149404525756836e+00
-2.545044660568237305e+00,-2.256941318511962891e+00
-1.775305151939392090e+00,1.517897129058837891e+00
4.396573066711425781e+00,1.157966971397399902e+00
-2.356620788574218750e+00,-2.200559139251708984e+00
-2.592345952987670898e+00,2.307512283325195312e+00
-2.740767955780029297e+00,-2.445595741271972656e+00
-2.397096872329711914e+00,-2.152795076370239258e+00
3.143111228942871094e+00,-3.918807208538055420e-01
-2.576854228973388672e+00,-2.281739234924316406e+00
-1.784145832061767578e+00,1.773270368576049805e+00
-1.425412178039550781e+00,-1.420844316482543945e+00
5.139904499053955078e+00,-1.223178148269653320e+00
-1.868626713752746582e+00,-1.744225621223449707e+00
-2.516725778579711914e+00,-2.228419303894042969e+00
-2.760162830352783203e+00,2.417193889617919922e+00
-1.921982884407043457e+00,-1.947547316551208496e+00
-2.377592325210571289e+00,2.218212842941284180e+00
-1.707989692687988281e+00,-1.842039108276367188e+00
4.918137550354003906e+00,-1.235420703887939453e+00
4.536065578460693359e+00,-1.178492188453674316e+00
4.353339195251464844e+00,-1.064196825027465820e+00
-2.155485630035400391e+00,1.992826581001281738e+00
-1.516593217849731445e+00,1.781314969062805176e+00
4.717959403991699219e+00,1.386535048484802246e+00
-2.286987304687500000e+00,-2.075980663299560547e+00
-2.188518762588500977e+00,-2.038652896881103516e+00
-1.914236664772033691e+00,2.039619445800781250e+00
-2.545275449752807617e+00,2.288959503173828125e+00
-2.294440746307373047e+00,-2.135329246520996094e+00
4.920491218566894531e+00,1.287335753440856934e+00
-1.784190416336059570e+00,-1.659903168678283691e+00
4.227179527282714844e+00,-1.133783340454101562e+00
-2.423139095306396484e+00,2.247522354125976562e+00
-2.702182769775390625e+00,2.413174152374267578e+00
